scrape_time,display_date_id,display_time,current_value_MW,temperature_C
2025-05-12 0:00:00,86280,23:58,23144.9,31.7
2025-05-12 0:02:00,0,0:00,22895.9,31.2
2025-05-12 0:04:00,120,0:02,22804.5,31.5
2025-05-12 0:06:00,240,0:04,23227.3,31.1
2025-05-12 0:08:00,360,0:06,23099.8,31.9
2025-05-12 0:10:00,480,0:08,22941.3,31.5
2025-05-12 0:12:00,600,0:10,23066,31.7
2025-05-12 0:14:00,720,0:12,23261.6,31.3
2025-05-12 0:16:00,840,0:14,23056.5,31.6
2025-05-12 0:18:00,960,0:16,23329.8,31.8
2025-05-12 0:20:00,1080,0:18,23493.6,32
2025-05-12 0:22:00,1200,0:20,23599.8,31.4
2025-05-12 0:24:00,1320,0:22,23523.4,32.1
2025-05-12 0:26:00,1440,0:24,23475.9,32.2
2025-05-12 0:28:00,1560,0:26,23448.5,31.5
2025-05-12 0:30:00,1680,0:28,23362.4,32.1
2025-05-12 0:32:00,1800,0:30,23636.1,32
2025-05-12 0:34:00,1920,0:32,23277.1,32
2025-05-12 0:36:00,2040,0:34,23730.1,32.2
2025-05-12 0:38:00,2160,0:36,23427.3,32.1
2025-05-12 0:40:00,2280,0:38,23736.7,32.2
2025-05-12 0:42:00,2400,0:40,23804.8,32
2025-05-12 0:44:00,2520,0:42,23463.1,32
2025-05-12 0:46:00,2640,0:44,23734.5,32.2
2025-05-12 0:48:00,2760,0:46,23895.6,32.4
2025-05-12 0:50:00,2880,0:48,23724.4,32.2
2025-05-12 0:52:00,3000,0:50,23788.7,32.2
2025-05-12 0:54:00,3120,0:52,23713.5,31.8
2025-05-12 0:56:00,3240,0:54,23940.2,32.3
2025-05-12 0:58:00,3360,0:56,24096.1,32.6
2025-05-12 1:00:00,3480,0:58,23745.7,32.2
2025-05-12 1:02:00,3600,1:00,23817.3,32.4
2025-05-12 1:04:00,3720,1:02,24113.6,32.7
2025-05-12 1:06:00,3840,1:04,24228.4,32
2025-05-12 1:08:00,3960,1:06,24349.1,32.2
2025-05-12 1:10:00,4080,1:08,24053.9,32.6
2025-05-12 1:12:00,4200,1:10,24049.2,32.1
2025-05-12 1:14:00,4320,1:12,24052,32.5
2025-05-12 1:16:00,4440,1:14,24137.6,32.2
2025-05-12 1:18:00,4560,1:16,24452.5,32.1
2025-05-12 1:20:00,4680,1:18,24695.9,32.6
2025-05-12 1:22:00,4800,1:20,24752,32.8
2025-05-12 1:24:00,4920,1:22,24328.8,32.8
2025-05-12 1:26:00,5040,1:24,24563.5,32.6
2025-05-12 1:28:00,5160,1:26,24571.6,32.9
2025-05-12 1:30:00,5280,1:28,24482.2,32.4
2025-05-12 1:32:00,5400,1:30,24811.5,32.9
2025-05-12 1:34:00,5520,1:32,24928.1,32.5
2025-05-12 1:36:00,5640,1:34,24851.7,32.7
2025-05-12 1:38:00,5760,1:36,24912.7,32.8
2025-05-12 1:40:00,5880,1:38,24624.5,32.7
2025-05-12 1:42:00,6000,1:40,24718.8,32.6
2025-05-12 1:44:00,6120,1:42,24912,32.5
2025-05-12 1:46:00,6240,1:44,24886.4,32.8
2025-05-12 1:48:00,6360,1:46,24827.4,33
2025-05-12 1:50:00,6480,1:48,24762.4,32.7
2025-05-12 1:52:00,6600,1:50,25163.7,32.7
2025-05-12 1:54:00,6720,1:52,25046.2,32.5
2025-05-12 1:56:00,6840,1:54,25311.3,32.5
2025-05-12 1:58:00,6960,1:56,25378.5,33.1
2025-05-12 2:00:00,7080,1:58,24894.4,32.9
2025-05-12 2:02:00,7200,2:00,25467.3,32.7
2025-05-12 2:04:00,7320,2:02,25410.4,33.1
2025-05-12 2:06:00,7440,2:04,25191.7,33.2
2025-05-12 2:08:00,7560,2:06,25282.6,33.1
2025-05-12 2:10:00,7680,2:08,25606.6,32.8
2025-05-12 2:12:00,7800,2:10,25259.4,33.2
2025-05-12 2:14:00,7920,2:12,25658.6,32.8
2025-05-12 2:16:00,8040,2:14,25457.2,32.9
2025-05-12 2:18:00,8160,2:16,25377.6,33
2025-05-12 2:20:00,8280,2:18,25571.7,33.3
2025-05-12 2:22:00,8400,2:20,25482.2,32.9
2025-05-12 2:24:00,8520,2:22,25825.3,33.2
2025-05-12 2:26:00,8640,2:24,25744.3,32.7
2025-05-12 2:28:00,8760,2:26,25700.8,33.3
2025-05-12 2:30:00,8880,2:28,25969.7,33.2
2025-05-12 2:32:00,9000,2:30,25924,33.3
2025-05-12 2:34:00,9120,2:32,25750.8,32.9
2025-05-12 2:36:00,9240,2:34,25850.4,33.3
2025-05-12 2:38:00,9360,2:36,26189.8,33.1
2025-05-12 2:40:00,9480,2:38,25988.6,33.4
2025-05-12 2:42:00,9600,2:40,26155.9,32.7
2025-05-12 2:44:00,9720,2:42,25803.3,32.9
2025-05-12 2:46:00,9840,2:44,26128,32.8
2025-05-12 2:48:00,9960,2:46,26084.6,32.8
2025-05-12 2:50:00,10080,2:48,26417.2,33.1
2025-05-12 2:52:00,10200,2:50,26327.4,32.9
2025-05-12 2:54:00,10320,2:52,26116.3,32.7
2025-05-12 2:56:00,10440,2:54,26128.3,32.8
2025-05-12 2:58:00,10560,2:56,26560.1,33.2
2025-05-12 3:00:00,10680,2:58,26061.9,33.3
2025-05-12 3:02:00,10800,3:00,26093,33.3
2025-05-12 3:04:00,10920,3:02,26447.5,33.2
2025-05-12 3:06:00,11040,3:04,26457.7,33
2025-05-12 3:08:00,11160,3:06,26274.6,32.7
2025-05-12 3:10:00,11280,3:08,26349.4,33.3
2025-05-12 3:12:00,11400,3:10,26600.2,32.9
2025-05-12 3:14:00,11520,3:12,26785.3,33
2025-05-12 3:16:00,11640,3:14,26457.2,33.3
2025-05-12 3:18:00,11760,3:16,26740.9,32.9
2025-05-12 3:20:00,11880,3:18,26949.8,32.9
2025-05-12 3:22:00,12000,3:20,26972.5,33.2
2025-05-12 3:24:00,12120,3:22,26899.4,33
2025-05-12 3:26:00,12240,3:24,26795.8,32.6
2025-05-12 3:28:00,12360,3:26,26554.8,33.3
2025-05-12 3:30:00,12480,3:28,26914.8,32.6
2025-05-12 3:32:00,12600,3:30,26597.6,32.9
2025-05-12 3:34:00,12720,3:32,27133,32.7
2025-05-12 3:36:00,12840,3:34,27003.8,33.2
2025-05-12 3:38:00,12960,3:36,26704.2,33.1
2025-05-12 3:40:00,13080,3:38,27029.2,32.5
2025-05-12 3:42:00,13200,3:40,26802.9,32.6
2025-05-12 3:44:00,13320,3:42,27325.7,32.8
2025-05-12 3:46:00,13440,3:44,27255.9,33
2025-05-12 3:48:00,13560,3:46,27092.5,32.7
2025-05-12 3:50:00,13680,3:48,26987.6,33.1
2025-05-12 3:52:00,13800,3:50,27423.1,32.9
2025-05-12 3:54:00,13920,3:52,26961.1,32.9
2025-05-12 3:56:00,14040,3:54,27128.7,33
2025-05-12 3:58:00,14160,3:56,27202.1,32.8
2025-05-12 4:00:00,14280,3:58,27324.9,32.6
2025-05-12 4:02:00,14400,4:00,27156.8,32.5
2025-05-12 4:04:00,14520,4:02,27354,32.7
2025-05-12 4:06:00,14640,4:04,27566.2,32.5
2025-05-12 4:08:00,14760,4:06,27459,33.1
2025-05-12 4:10:00,14880,4:08,27301.8,32.9
2025-05-12 4:12:00,15000,4:10,27335.8,33
2025-05-12 4:14:00,15120,4:12,27326.8,32.5
2025-05-12 4:16:00,15240,4:14,27467.8,32.5
2025-05-12 4:18:00,15360,4:16,27664.1,32.3
2025-05-12 4:20:00,15480,4:18,27436.9,32.4
2025-05-12 4:22:00,15600,4:20,27945.7,32.9
2025-05-12 4:24:00,15720,4:22,27498.5,32.7
2025-05-12 4:26:00,15840,4:24,27822.4,32.3
2025-05-12 4:28:00,15960,4:26,27657.8,32.8
2025-05-12 4:30:00,16080,4:28,27819,32.4
2025-05-12 4:32:00,16200,4:30,27941.9,32.6
2025-05-12 4:34:00,16320,4:32,27597.4,32.3
2025-05-12 4:36:00,16440,4:34,27906.2,32.4
2025-05-12 4:38:00,16560,4:36,27870.8,32.8
2025-05-12 4:40:00,16680,4:38,28154.2,32.4
2025-05-12 4:42:00,16800,4:40,28069.8,32.4
2025-05-12 4:44:00,16920,4:42,28198.3,32.2
2025-05-12 4:46:00,17040,4:44,28005.1,32.2
2025-05-12 4:48:00,17160,4:46,28160.7,32.8
2025-05-12 4:50:00,17280,4:48,27872.9,32.2
2025-05-12 4:52:00,17400,4:50,28057.7,32.4
2025-05-12 4:54:00,17520,4:52,28116.8,32.5
2025-05-12 4:56:00,17640,4:54,27876.9,32
2025-05-12 4:58:00,17760,4:56,28165.6,32.3
2025-05-12 5:00:00,17880,4:58,28303.1,32.6
2025-05-12 5:02:00,18000,5:00,28132.9,32
2025-05-12 5:04:00,18120,5:02,28035.9,32
2025-05-12 5:06:00,18240,5:04,28394,31.9
2025-05-12 5:08:00,18360,5:06,28481.9,32.5
2025-05-12 5:10:00,18480,5:08,28380.5,31.9
2025-05-12 5:12:00,18600,5:10,28295.6,32
2025-05-12 5:14:00,18720,5:12,28286.5,32.2
2025-05-12 5:16:00,18840,5:14,28645.2,32.4
2025-05-12 5:18:00,18960,5:16,28429.7,31.7
2025-05-12 5:20:00,19080,5:18,28216.3,31.8
2025-05-12 5:22:00,19200,5:20,28444.7,32.2
2025-05-12 5:24:00,19320,5:22,28347.2,32.2
2025-05-12 5:26:00,19440,5:24,28269.5,31.8
2025-05-12 5:28:00,19560,5:26,28758.3,32
2025-05-12 5:30:00,19680,5:28,28608.8,31.8
2025-05-12 5:32:00,19800,5:30,28649.7,31.6
2025-05-12 5:34:00,19920,5:32,28404.8,32.2
2025-05-12 5:36:00,20040,5:34,28669.5,31.9
2025-05-12 5:38:00,20160,5:36,28431.7,32.1
2025-05-12 5:40:00,20280,5:38,28828.2,32.1
2025-05-12 5:42:00,20400,5:40,28778.1,31.4
2025-05-12 5:44:00,20520,5:42,28925,31.3
2025-05-12 5:46:00,20640,5:44,28495,31.4
2025-05-12 5:48:00,20760,5:46,28459.2,31.6
2025-05-12 5:50:00,20880,5:48,28925.3,31.7
2025-05-12 5:52:00,21000,5:50,28877.9,31.2
2025-05-12 5:54:00,21120,5:52,28729.6,31.2
2025-05-12 5:56:00,21240,5:54,28958.5,31.7
2025-05-12 5:58:00,21360,5:56,28545.3,31.8
2025-05-12 6:00:00,21480,5:58,29090.9,31.2
2025-05-12 6:02:00,21600,6:00,28973.7,31.5
2025-05-12 6:04:00,21720,6:02,28888.3,31.3
2025-05-12 6:06:00,21840,6:04,28727.3,31.1
2025-05-12 6:08:00,21960,6:06,29017.6,31.5
2025-05-12 6:10:00,22080,6:08,29145.6,31.1
2025-05-12 6:12:00,22200,6:10,29129.2,31.5
2025-05-12 6:14:00,22320,6:12,29127.6,31.3
2025-05-12 6:16:00,22440,6:14,28784.3,31.3
2025-05-12 6:18:00,22560,6:16,29166.6,31.1
2025-05-12 6:20:00,22680,6:18,29158,31.1
2025-05-12 6:22:00,22800,6:20,28759.9,30.7
2025-05-12 6:24:00,22920,6:22,29274.4,31.2
2025-05-12 6:26:00,23040,6:24,28754.8,30.7
2025-05-12 6:28:00,23160,6:26,28772.2,31.2
2025-05-12 6:30:00,23280,6:28,28954.3,31.1
2025-05-12 6:32:00,23400,6:30,29275,30.7
2025-05-12 6:34:00,23520,6:32,29011.6,31.1
2025-05-12 6:36:00,23640,6:34,28805.1,30.7
2025-05-12 6:38:00,23760,6:36,29032.8,30.7
2025-05-12 6:40:00,23880,6:38,28990,30.6
2025-05-12 6:42:00,24000,6:40,29334.9,30.7
2025-05-12 6:44:00,24120,6:42,29073.8,30.8
2025-05-12 6:46:00,24240,6:44,29010.8,30.7
2025-05-12 6:48:00,24360,6:46,29276.2,30.3
2025-05-12 6:50:00,24480,6:48,28915.2,30.5
2025-05-12 6:52:00,24600,6:50,29045.6,30.7
2025-05-12 6:54:00,24720,6:52,28926.4,30.1
2025-05-12 6:56:00,24840,6:54,29314.5,30.7
2025-05-12 6:58:00,24960,6:56,29320.7,29.9
2025-05-12 7:00:00,25080,6:58,29131.1,30.4
2025-05-12 7:02:00,25200,7:00,29136.8,30.3
2025-05-12 7:04:00,25320,7:02,29199.2,30.1
2025-05-12 7:06:00,25440,7:04,29168.5,30.3
2025-05-12 7:08:00,25560,7:06,29015.2,30.1
2025-05-12 7:10:00,25680,7:08,29026,29.8
2025-05-12 7:12:00,25800,7:10,29109.8,30
2025-05-12 7:14:00,25920,7:12,29412.6,30.2
2025-05-12 7:16:00,26040,7:14,28982.2,29.8
2025-05-12 7:18:00,26160,7:16,29352.9,30.2
2025-05-12 7:20:00,26280,7:18,29106.7,30.1
2025-05-12 7:22:00,26400,7:20,28989.8,29.7
2025-05-12 7:24:00,26520,7:22,29248.8,29.9
2025-05-12 7:26:00,26640,7:24,29053.4,29.8
2025-05-12 7:28:00,26760,7:26,29250.4,29.3
2025-05-12 7:30:00,26880,7:28,29082.3,29.4
2025-05-12 7:32:00,27000,7:30,29165.9,29.9
2025-05-12 7:34:00,27120,7:32,29469.7,29.4
2025-05-12 7:36:00,27240,7:34,29351.8,29.7
2025-05-12 7:38:00,27360,7:36,29441.4,29.8
2025-05-12 7:40:00,27480,7:38,29011.3,29.7
2025-05-12 7:42:00,27600,7:40,29054,29.6
2025-05-12 7:44:00,27720,7:42,29383.8,29.2
2025-05-12 7:46:00,27840,7:44,29217.9,28.9
2025-05-12 7:48:00,27960,7:46,29366.4,28.9
2025-05-12 7:50:00,28080,7:48,29006.2,28.9
2025-05-12 7:52:00,28200,7:50,29194.2,29.5
2025-05-12 7:54:00,28320,7:52,29305.2,29.4
2025-05-12 7:56:00,28440,7:54,29121.1,29.2
2025-05-12 7:58:00,28560,7:56,29560.4,29.4
2025-05-12 8:00:00,28680,7:58,29392.8,28.8
2025-05-12 8:02:00,28800,8:00,29489,29.1
2025-05-12 8:04:00,28920,8:02,29226.7,29.1
2025-05-12 8:06:00,29040,8:04,29069,28.6
2025-05-12 8:08:00,29160,8:06,29551.9,29.1
2025-05-12 8:10:00,29280,8:08,29011.5,28.9
2025-05-12 8:12:00,29400,8:10,29329.1,28.8
2025-05-12 8:14:00,29520,8:12,29535.9,28.2
2025-05-12 8:16:00,29640,8:14,29250.5,28.5
2025-05-12 8:18:00,29760,8:16,29316.8,28.1
2025-05-12 8:20:00,29880,8:18,29032.2,28.6
2025-05-12 8:22:00,30000,8:20,29302.6,28.1
2025-05-12 8:24:00,30120,8:22,29535.8,28.2
2025-05-12 8:26:00,30240,8:24,29024.4,28.7
2025-05-12 8:28:00,30360,8:26,29115.6,28.2
2025-05-12 8:30:00,30480,8:28,29319.1,28.2
2025-05-12 8:32:00,30600,8:30,29171.8,27.9
2025-05-12 8:34:00,30720,8:32,29484,28.3
2025-05-12 8:36:00,30840,8:34,29211,28
2025-05-12 8:38:00,30960,8:36,29451.2,28
2025-05-12 8:40:00,31080,8:38,29233.2,27.9
2025-05-12 8:42:00,31200,8:40,29117.1,27.7
2025-05-12 8:44:00,31320,8:42,29232.8,27.7
2025-05-12 8:46:00,31440,8:44,29363.8,27.6
2025-05-12 8:48:00,31560,8:46,29373.5,27.5
2025-05-12 8:50:00,31680,8:48,29387.9,27.8
2025-05-12 8:52:00,31800,8:50,28853.4,27.4
2025-05-12 8:54:00,31920,8:52,29032,27.6
2025-05-12 8:56:00,32040,8:54,29106.2,27.4
2025-05-12 8:58:00,32160,8:56,29155.8,27.2
2025-05-12 9:00:00,32280,8:58,28843,27.3
2025-05-12 9:02:00,32400,9:00,28954.9,27.1
2025-05-12 9:04:00,32520,9:02,29164.4,27.4
2025-05-12 9:06:00,32640,9:04,28789.3,27.7
2025-05-12 9:08:00,32760,9:06,28981.2,27.7
2025-05-12 9:10:00,32880,9:08,29176.7,26.9
2025-05-12 9:12:00,33000,9:10,28808.9,27.3
2025-05-12 9:14:00,33120,9:12,28952.8,27.4
2025-05-12 9:16:00,33240,9:14,28954.1,27.5
2025-05-12 9:18:00,33360,9:16,29240.2,27.1
2025-05-12 9:20:00,33480,9:18,29108.8,27.1
2025-05-12 9:22:00,33600,9:20,28801,26.8
2025-05-12 9:24:00,33720,9:22,29043.7,27.3
2025-05-12 9:26:00,33840,9:24,28714.5,27.2
2025-05-12 9:28:00,33960,9:26,28818,26.6
2025-05-12 9:30:00,34080,9:28,28919.2,26.6
2025-05-12 9:32:00,34200,9:30,29043.6,26.7
2025-05-12 9:34:00,34320,9:32,28857.1,27
2025-05-12 9:36:00,34440,9:34,28894.3,26.3
2025-05-12 9:38:00,34560,9:36,28983.1,26.3
2025-05-12 9:40:00,34680,9:38,28693.5,26.2
2025-05-12 9:42:00,34800,9:40,28606.2,26.2
2025-05-12 9:44:00,34920,9:42,28723.5,26.1
2025-05-12 9:46:00,35040,9:44,28484.6,26.4
2025-05-12 9:48:00,35160,9:46,28922.7,26.1
2025-05-12 9:50:00,35280,9:48,28621.8,26.7
2025-05-12 9:52:00,35400,9:50,28584,26.6
2025-05-12 9:54:00,35520,9:52,28890.3,26
2025-05-12 9:56:00,35640,9:54,28612.2,26.1
2025-05-12 9:58:00,35760,9:56,28833.4,26.4
2025-05-12 10:00:00,35880,9:58,28813.8,26.1
2025-05-12 10:02:00,36000,10:00,28363.6,26.1
2025-05-12 10:04:00,36120,10:02,28478.9,26.3
2025-05-12 10:06:00,36240,10:04,28671.5,25.8
2025-05-12 10:08:00,36360,10:06,28529.2,26
2025-05-12 10:10:00,36480,10:08,28206.1,25.8
2025-05-12 10:12:00,36600,10:10,28634.9,25.7
2025-05-12 10:14:00,36720,10:12,28645.4,25.9
2025-05-12 10:16:00,36840,10:14,28217.8,26
2025-05-12 10:18:00,36960,10:16,28151.2,26.1
2025-05-12 10:20:00,37080,10:18,28102.1,25.5
2025-05-12 10:22:00,37200,10:20,28328.5,25.7
2025-05-12 10:24:00,37320,10:22,28021.2,25.7
2025-05-12 10:26:00,37440,10:24,28413.7,25.4
2025-05-12 10:28:00,37560,10:26,28435.6,25.4
2025-05-12 10:30:00,37680,10:28,28124.3,25.6
2025-05-12 10:32:00,37800,10:30,28432.7,25.1
2025-05-12 10:34:00,37920,10:32,28020.5,25.4
2025-05-12 10:36:00,38040,10:34,28344,25.6
2025-05-12 10:38:00,38160,10:36,28109.3,25.1
2025-05-12 10:40:00,38280,10:38,27797.2,25.3
2025-05-12 10:42:00,38400,10:40,28191.7,25.5
2025-05-12 10:44:00,38520,10:42,27897.3,24.7
2025-05-12 10:46:00,38640,10:44,28145.1,25.3
2025-05-12 10:48:00,38760,10:46,28202.2,25
2025-05-12 10:50:00,38880,10:48,27799.3,24.9
2025-05-12 10:52:00,39000,10:50,28093.2,25.1
2025-05-12 10:54:00,39120,10:52,27979.7,24.5
2025-05-12 10:56:00,39240,10:54,27758.7,25
2025-05-12 10:58:00,39360,10:56,27683.4,24.5
2025-05-12 11:00:00,39480,10:58,27826.1,24.8
2025-05-12 11:02:00,39600,11:00,27885.4,24.8
2025-05-12 11:04:00,39720,11:02,28024.2,24.7
2025-05-12 11:06:00,39840,11:04,27638.2,24.5
2025-05-12 11:08:00,39960,11:06,27589,25
2025-05-12 11:10:00,40080,11:08,27774.8,24.3
2025-05-12 11:12:00,40200,11:10,27881.5,24.8
2025-05-12 11:14:00,40320,11:12,27665,24.3
2025-05-12 11:16:00,40440,11:14,27270.1,24.5
2025-05-12 11:18:00,40560,11:16,27486.4,24.4
2025-05-12 11:20:00,40680,11:18,27208.4,24.7
2025-05-12 11:22:00,40800,11:20,27470.2,24.6
2025-05-12 11:24:00,40920,11:22,27348.7,24.3
2025-05-12 11:26:00,41040,11:24,27519.6,24.5
2025-05-12 11:28:00,41160,11:26,27616.9,23.9
2025-05-12 11:30:00,41280,11:28,27524.9,24.2
2025-05-12 11:32:00,41400,11:30,27217.6,23.7
2025-05-12 11:34:00,41520,11:32,27181,24.1
2025-05-12 11:36:00,41640,11:34,27377.7,24.3
2025-05-12 11:38:00,41760,11:36,27398.4,23.7
2025-05-12 11:40:00,41880,11:38,27249,24.2
2025-05-12 11:42:00,42000,11:40,27411,23.8
2025-05-12 11:44:00,42120,11:42,26961.6,23.8
2025-05-12 11:46:00,42240,11:44,26967.4,23.9
2025-05-12 11:48:00,42360,11:46,27162.9,23.9
2025-05-12 11:50:00,42480,11:48,26757.3,23.9
2025-05-12 11:52:00,42600,11:50,27096.9,23.6
2025-05-12 11:54:00,42720,11:52,27199.3,23.4
2025-05-12 11:56:00,42840,11:54,26902.7,24
2025-05-12 11:58:00,42960,11:56,26960.8,23.3
2025-05-12 12:00:00,43080,11:58,26846.3,23.4
2025-05-12 12:02:00,43200,12:00,26648.3,23.8
2025-05-12 12:04:00,43320,12:02,26816.3,23.6
2025-05-12 12:06:00,43440,12:04,26659,23.7
2025-05-12 12:08:00,43560,12:06,26894.3,23.4
2025-05-12 12:10:00,43680,12:08,26711.9,23.2
2025-05-12 12:12:00,43800,12:10,26936.4,23.5
2025-05-12 12:14:00,43920,12:12,26400,23.2
2025-05-12 12:16:00,44040,12:14,26404.1,23.5
2025-05-12 12:18:00,44160,12:16,26748.6,23
2025-05-12 12:20:00,44280,12:18,26441.2,23.2
2025-05-12 12:22:00,44400,12:20,26161.4,22.9
2025-05-12 12:24:00,44520,12:22,26282.3,23.6
2025-05-12 12:26:00,44640,12:24,26280.5,23.2
2025-05-12 12:28:00,44760,12:26,26162.9,23.5
2025-05-12 12:30:00,44880,12:28,26588.6,22.9
2025-05-12 12:32:00,45000,12:30,26100,23.2
2025-05-12 12:34:00,45120,12:32,26011.3,23.1
2025-05-12 12:36:00,45240,12:34,25952.1,22.8
2025-05-12 12:38:00,45360,12:36,25993,22.8
2025-05-12 12:40:00,45480,12:38,25870.6,22.6
2025-05-12 12:42:00,45600,12:40,26369.9,23.2
2025-05-12 12:44:00,45720,12:42,25777.9,22.9
2025-05-12 12:46:00,45840,12:44,26205.3,23.3
2025-05-12 12:48:00,45960,12:46,25923.2,23.2
2025-05-12 12:50:00,46080,12:48,26149,22.6
2025-05-12 12:52:00,46200,12:50,25749.6,22.4
2025-05-12 12:54:00,46320,12:52,25648.7,23
2025-05-12 12:56:00,46440,12:54,25874.6,22.8
2025-05-12 12:58:00,46560,12:56,25500.7,22.8
2025-05-12 13:00:00,46680,12:58,25833.4,22.4
2025-05-12 13:02:00,46800,13:00,25440.2,23.1
2025-05-12 13:04:00,46920,13:02,25545.1,22.4
2025-05-12 13:06:00,47040,13:04,25496.5,22.9
2025-05-12 13:08:00,47160,13:06,25906.1,22.6
2025-05-12 13:10:00,47280,13:08,25701.9,23
2025-05-12 13:12:00,47400,13:10,25678.3,22.6
2025-05-12 13:14:00,47520,13:12,25541.8,22.9
2025-05-12 13:16:00,47640,13:14,25267.3,22.6
2025-05-12 13:18:00,47760,13:16,25453.1,22.9
2025-05-12 13:20:00,47880,13:18,25663,22.8
2025-05-12 13:22:00,48000,13:20,25150.7,22.3
2025-05-12 13:24:00,48120,13:22,25162.7,22.4
2025-05-12 13:26:00,48240,13:24,25035.2,22.6
2025-05-12 13:28:00,48360,13:26,25166.2,22.8
2025-05-12 13:30:00,48480,13:28,25335,22.6
2025-05-12 13:32:00,48600,13:30,25333,22.1
2025-05-12 13:34:00,48720,13:32,24849.9,22.2
2025-05-12 13:36:00,48840,13:34,25035.3,22.6
2025-05-12 13:38:00,48960,13:36,24877.9,22
2025-05-12 13:40:00,49080,13:38,25213.4,22.5
2025-05-12 13:42:00,49200,13:40,24875,22
2025-05-12 13:44:00,49320,13:42,25148.5,22.4
2025-05-12 13:46:00,49440,13:44,25145.7,22.3
2025-05-12 13:48:00,49560,13:46,24711.5,22.1
2025-05-12 13:50:00,49680,13:48,24724.7,22.4
2025-05-12 13:52:00,49800,13:50,24565.6,22.3
2025-05-12 13:54:00,49920,13:52,24898.2,22
2025-05-12 13:56:00,50040,13:54,24897.8,22.5
2025-05-12 13:58:00,50160,13:56,24506.1,22.4
2025-05-12 14:00:00,50280,13:58,24809.6,22.4
2025-05-12 14:02:00,50400,14:00,24756,22.6
2025-05-12 14:04:00,50520,14:02,24528.7,22.6
2025-05-12 14:06:00,50640,14:04,24682.4,22.4
2025-05-12 14:08:00,50760,14:06,24542.8,22
2025-05-12 14:10:00,50880,14:08,24233.8,21.9
2025-05-12 14:12:00,51000,14:10,24087,21.8
2025-05-12 14:14:00,51120,14:12,24162.6,22.4
2025-05-12 14:16:00,51240,14:14,24175.7,22
2025-05-12 14:18:00,51360,14:16,24386.8,22.1
2025-05-12 14:20:00,51480,14:18,23941.9,22
2025-05-12 14:22:00,51600,14:20,24459.9,22.3
2025-05-12 14:24:00,51720,14:22,23972.3,22.1
2025-05-12 14:26:00,51840,14:24,24087.7,22.4
2025-05-12 14:28:00,51960,14:26,24348.5,22.2
2025-05-12 14:30:00,52080,14:28,23805.8,21.7
2025-05-12 14:32:00,52200,14:30,23727.7,22.2
2025-05-12 14:34:00,52320,14:32,23934.7,22.1
2025-05-12 14:36:00,52440,14:34,23648.9,22
2025-05-12 14:38:00,52560,14:36,24073,22.1
2025-05-12 14:40:00,52680,14:38,23761.7,22.3
2025-05-12 14:42:00,52800,14:40,23658.8,22.3
2025-05-12 14:44:00,52920,14:42,23840.4,22.2
2025-05-12 14:46:00,53040,14:44,23805.4,21.7
2025-05-12 14:48:00,53160,14:46,23420.7,21.8
2025-05-12 14:50:00,53280,14:48,23865.2,22.2
2025-05-12 14:52:00,53400,14:50,23874,21.7
2025-05-12 14:54:00,53520,14:52,23459.5,21.9
2025-05-12 14:56:00,53640,14:54,23611.7,21.7
2025-05-12 14:58:00,53760,14:56,23634.1,22.3
2025-05-12 15:00:00,53880,14:58,23614.3,22.3
2025-05-12 15:02:00,54000,15:00,23196,21.9
2025-05-12 15:04:00,54120,15:02,23669.4,21.8
2025-05-12 15:06:00,54240,15:04,23255.8,21.9
2025-05-12 15:08:00,54360,15:06,23450.1,22
2025-05-12 15:10:00,54480,15:08,23309,22.4
2025-05-12 15:12:00,54600,15:10,22980,22.3
2025-05-12 15:14:00,54720,15:12,23366.2,22.2
2025-05-12 15:16:00,54840,15:14,23259.9,22.2
2025-05-12 15:18:00,54960,15:16,23354.7,22.2
2025-05-12 15:20:00,55080,15:18,23087.6,21.7
2025-05-12 15:22:00,55200,15:20,23357.5,22.4
2025-05-12 15:24:00,55320,15:22,22824.9,21.7
2025-05-12 15:26:00,55440,15:24,23024.4,21.7
2025-05-12 15:28:00,55560,15:26,23060.3,22.4
2025-05-12 15:30:00,55680,15:28,23231.3,21.7
2025-05-12 15:32:00,55800,15:30,23078.1,21.8
2025-05-12 15:34:00,55920,15:32,22922.7,22.1
2025-05-12 15:36:00,56040,15:34,23008.7,22
2025-05-12 15:38:00,56160,15:36,22710.3,21.7
2025-05-12 15:40:00,56280,15:38,22499.2,21.8
2025-05-12 15:42:00,56400,15:40,22781.5,22.1
2025-05-12 15:44:00,56520,15:42,22740.9,22.2
2025-05-12 15:46:00,56640,15:44,22824.9,21.8
2025-05-12 15:48:00,56760,15:46,22476.9,22
2025-05-12 15:50:00,56880,15:48,22505.3,22
2025-05-12 15:52:00,57000,15:50,22356.8,22
2025-05-12 15:54:00,57120,15:52,22360.5,22
2025-05-12 15:56:00,57240,15:54,22462.8,22
2025-05-12 15:58:00,57360,15:56,22715.3,22.3
2025-05-12 16:00:00,57480,15:58,22727.7,22.1
2025-05-12 16:02:00,57600,16:00,22380.1,22.6
2025-05-12 16:04:00,57720,16:02,22674.2,22.5
2025-05-12 16:06:00,57840,16:04,22488.1,22.2
2025-05-12 16:08:00,57960,16:06,22275.9,22.6
2025-05-12 16:10:00,58080,16:08,22549.4,22.4
2025-05-12 16:12:00,58200,16:10,22333.8,22.5
2025-05-12 16:14:00,58320,16:12,22053.8,22.1
2025-05-12 16:16:00,58440,16:14,22149.9,22.3
2025-05-12 16:18:00,58560,16:16,22044,22.1
2025-05-12 16:20:00,58680,16:18,22009.9,22.3
2025-05-12 16:22:00,58800,16:20,21931.1,22.3
2025-05-12 16:24:00,58920,16:22,21829.6,22.3
2025-05-12 16:26:00,59040,16:24,21974,22.2
2025-05-12 16:28:00,59160,16:26,21887.7,22
2025-05-12 16:30:00,59280,16:28,21755,22.6
2025-05-12 16:32:00,59400,16:30,21987.2,22.2
2025-05-12 16:34:00,59520,16:32,21963,22.1
2025-05-12 16:36:00,59640,16:34,22139.4,22.2
2025-05-12 16:38:00,59760,16:36,21909.4,22.8
2025-05-12 16:40:00,59880,16:38,21836.2,22.3
2025-05-12 16:42:00,60000,16:40,22074.5,22.5
2025-05-12 16:44:00,60120,16:42,21837.5,22.3
2025-05-12 16:46:00,60240,16:44,21556.2,22.9
2025-05-12 16:48:00,60360,16:46,21629.8,22.3
2025-05-12 16:50:00,60480,16:48,21822.1,22.7
2025-05-12 16:52:00,60600,16:50,21828.9,22.3
2025-05-12 16:54:00,60720,16:52,21499.6,22.5
2025-05-12 16:56:00,60840,16:54,21413.8,22.5
2025-05-12 16:58:00,60960,16:56,21908.2,23
2025-05-12 17:00:00,61080,16:58,21815.2,22.8
2025-05-12 17:02:00,61200,17:00,21519.6,22.6
2025-05-12 17:04:00,61320,17:02,21199,23
2025-05-12 17:06:00,61440,17:04,21212.6,23.2
2025-05-12 17:08:00,61560,17:06,21124.2,22.8
2025-05-12 17:10:00,61680,17:08,21427.6,22.7
2025-05-12 17:12:00,61800,17:10,20962.2,23.1
2025-05-12 17:14:00,61920,17:12,21226.7,23.3
2025-05-12 17:16:00,62040,17:14,21023.9,22.6
2025-05-12 17:18:00,62160,17:16,21053.8,23.3
2025-05-12 17:20:00,62280,17:18,21066.5,23
2025-05-12 17:22:00,62400,17:20,20911.1,23.3
2025-05-12 17:24:00,62520,17:22,21100.9,23.1
2025-05-12 17:26:00,62640,17:24,20599.8,23.2
2025-05-12 17:28:00,62760,17:26,20885.5,22.8
2025-05-12 17:30:00,62880,17:28,20735.3,23.2
2025-05-12 17:32:00,63000,17:30,20468.7,23
2025-05-12 17:34:00,63120,17:32,20714.2,22.9
2025-05-12 17:36:00,63240,17:34,20608.8,23
2025-05-12 17:38:00,63360,17:36,20767.6,23.5
2025-05-12 17:40:00,63480,17:38,20191.3,23.2
2025-05-12 17:42:00,63600,17:40,20162.9,23
2025-05-12 17:44:00,63720,17:42,20373,23.1
2025-05-12 17:46:00,63840,17:44,20701.3,23.2
2025-05-12 17:48:00,63960,17:46,20227.3,23.3
2025-05-12 17:50:00,64080,17:48,20604,23.4
2025-05-12 17:52:00,64200,17:50,20494.2,23.1
2025-05-12 17:54:00,64320,17:52,20289.3,23.4
2025-05-12 17:56:00,64440,17:54,20258.3,23.5
2025-05-12 17:58:00,64560,17:56,20346.3,23.5
2025-05-12 18:00:00,64680,17:58,20370.5,23.9
2025-05-12 18:02:00,64800,18:00,20128,23.3
2025-05-12 18:04:00,64920,18:02,20370.5,23.7
2025-05-12 18:06:00,65040,18:04,20541,23.8
2025-05-12 18:08:00,65160,18:06,20636.7,23.4
2025-05-12 18:10:00,65280,18:08,20542.2,23.9
2025-05-12 18:12:00,65400,18:10,20742,23.8
2025-05-12 18:14:00,65520,18:12,20404.3,23.5
2025-05-12 18:16:00,65640,18:14,20374.6,24.2
2025-05-12 18:18:00,65760,18:16,20464.2,23.6
2025-05-12 18:20:00,65880,18:18,20692.9,24.2
2025-05-12 18:22:00,66000,18:20,20407.9,23.8
2025-05-12 18:24:00,66120,18:22,20696.4,24.4
2025-05-12 18:26:00,66240,18:24,20844.4,24
2025-05-12 18:28:00,66360,18:26,20986.9,24.4
2025-05-12 18:30:00,66480,18:28,20604.5,24.3
2025-05-12 18:32:00,66600,18:30,20539.5,24
2025-05-12 18:34:00,66720,18:32,20451.5,24.1
2025-05-12 18:36:00,66840,18:34,20652.5,24.2
2025-05-12 18:38:00,66960,18:36,20496.3,24.2
2025-05-12 18:40:00,67080,18:38,20657.3,24.2
2025-05-12 18:42:00,67200,18:40,20594.8,24.5
2025-05-12 18:44:00,67320,18:42,20848.8,24.5
2025-05-12 18:46:00,67440,18:44,20472.9,24.6
2025-05-12 18:48:00,67560,18:46,20686,24.7
2025-05-12 18:50:00,67680,18:48,20462.8,24.6
2025-05-12 18:52:00,67800,18:50,20830.7,24.8
2025-05-12 18:54:00,67920,18:52,20637.9,24.6
2025-05-12 18:56:00,68040,18:54,20518,24.3
2025-05-12 18:58:00,68160,18:56,20428.2,25
2025-05-12 19:00:00,68280,18:58,20786.6,24.7
2025-05-12 19:02:00,68400,19:00,20398.7,24.6
2025-05-12 19:04:00,68520,19:02,20765.8,24.9
2025-05-12 19:06:00,68640,19:04,20406.5,25
2025-05-12 19:08:00,68760,19:06,20392.9,25.1
2025-05-12 19:10:00,68880,19:08,20676.9,24.8
2025-05-12 19:12:00,69000,19:10,20459.7,24.8
2025-05-12 19:14:00,69120,19:12,20835.7,24.7
2025-05-12 19:16:00,69240,19:14,20281,25.1
2025-05-12 19:18:00,69360,19:16,20613.2,25
2025-05-12 19:20:00,69480,19:18,20625.2,25.4
2025-05-12 19:22:00,69600,19:20,20363.4,25
2025-05-12 19:24:00,69720,19:22,20239.8,25.2
2025-05-12 19:26:00,69840,19:24,20430.3,25.7
2025-05-12 19:28:00,69960,19:26,20383.3,25.3
2025-05-12 19:30:00,70080,19:28,20293.4,25.2
2025-05-12 19:32:00,70200,19:30,20364,25.4
2025-05-12 19:34:00,70320,19:32,20414.1,25.3
2025-05-12 19:36:00,70440,19:34,20378.7,25.5
2025-05-12 19:38:00,70560,19:36,20407.6,26
2025-05-12 19:40:00,70680,19:38,20409.8,25.9
2025-05-12 19:42:00,70800,19:40,20622.1,25.8
2025-05-12 19:44:00,70920,19:42,20467,25.8
2025-05-12 19:46:00,71040,19:44,20447,25.9
2025-05-12 19:48:00,71160,19:46,20552.9,25.5
2025-05-12 19:50:00,71280,19:48,20594.9,25.8
2025-05-12 19:52:00,71400,19:50,20753.5,25.9
2025-05-12 19:54:00,71520,19:52,20791.3,25.7
2025-05-12 19:56:00,71640,19:54,20387.4,26.1
2025-05-12 19:58:00,71760,19:56,20232.7,25.8
2025-05-12 20:00:00,71880,19:58,20641.6,26.2
2025-05-12 20:02:00,72000,20:00,20754,26.5
2025-05-12 20:04:00,72120,20:02,20338.6,25.8
2025-05-12 20:06:00,72240,20:04,20315.5,26.3
2025-05-12 20:08:00,72360,20:06,20513.5,26.2
2025-05-12 20:10:00,72480,20:08,20678.7,25.9
2025-05-12 20:12:00,72600,20:10,20554,26.4
2025-05-12 20:14:00,72720,20:12,20385.1,26.3
2025-05-12 20:16:00,72840,20:14,20766.6,26.7
2025-05-12 20:18:00,72960,20:16,20829.6,26.7
2025-05-12 20:20:00,73080,20:18,20773.3,26.9
2025-05-12 20:22:00,73200,20:20,20445.9,26.8
2025-05-12 20:24:00,73320,20:22,20649.7,26.5
2025-05-12 20:26:00,73440,20:24,20277.8,26.3
2025-05-12 20:28:00,73560,20:26,20710.3,27
2025-05-12 20:30:00,73680,20:28,20673.4,26.6
2025-05-12 20:32:00,73800,20:30,20547.7,27
2025-05-12 20:34:00,73920,20:32,20680.7,26.8
2025-05-12 20:36:00,74040,20:34,20480.7,27
2025-05-12 20:38:00,74160,20:36,20621.4,26.7
2025-05-12 20:40:00,74280,20:38,20868.9,26.8
2025-05-12 20:42:00,74400,20:40,20348.3,27.3
2025-05-12 20:44:00,74520,20:42,20762.3,27.4
2025-05-12 20:46:00,74640,20:44,20925.2,27.1
2025-05-12 20:48:00,74760,20:46,20935.5,26.9
2025-05-12 20:50:00,74880,20:48,20582,27.5
2025-05-12 20:52:00,75000,20:50,20836.9,27.2
2025-05-12 20:54:00,75120,20:52,20740.5,27.7
2025-05-12 20:56:00,75240,20:54,20656.5,27.2
2025-05-12 20:58:00,75360,20:56,20993.7,27.4
2025-05-12 21:00:00,75480,20:58,20750.8,27.6
2025-05-12 21:02:00,75600,21:00,20639.9,27.4
2025-05-12 21:04:00,75720,21:02,20910.4,27.5
2025-05-12 21:06:00,75840,21:04,20806.3,27.9
2025-05-12 21:08:00,75960,21:06,21004.4,27.7
2025-05-12 21:10:00,76080,21:08,20943.7,27.8
2025-05-12 21:12:00,76200,21:10,21108.9,28.2
2025-05-12 21:14:00,76320,21:12,20625,28.1
2025-05-12 21:16:00,76440,21:14,20798.8,28.2
2025-05-12 21:18:00,76560,21:16,20786.5,28
2025-05-12 21:20:00,76680,21:18,20631.5,27.6
2025-05-12 21:22:00,76800,21:20,21168.1,28.1
2025-05-12 21:24:00,76920,21:22,21118.1,28.1
2025-05-12 21:26:00,77040,21:24,21189.3,28.3
2025-05-12 21:28:00,77160,21:26,21113.3,28.4
2025-05-12 21:30:00,77280,21:28,20655.8,27.9
2025-05-12 21:32:00,77400,21:30,20776.4,28.3
2025-05-12 21:34:00,77520,21:32,21036.2,28.6
2025-05-12 21:36:00,77640,21:34,20768,28.4
2025-05-12 21:38:00,77760,21:36,21178.9,28.1
2025-05-12 21:40:00,77880,21:38,20933.1,28.8
2025-05-12 21:42:00,78000,21:40,20832.1,28.4
2025-05-12 21:44:00,78120,21:42,21001.1,28.2
2025-05-12 21:46:00,78240,21:44,20993.7,28.4
2025-05-12 21:48:00,78360,21:46,20942.5,28.3
2025-05-12 21:50:00,78480,21:48,21102.1,28.7
2025-05-12 21:52:00,78600,21:50,21272.9,28.4
2025-05-12 21:54:00,78720,21:52,21267.3,28.7
2025-05-12 21:56:00,78840,21:54,21476.9,28.5
2025-05-12 21:58:00,78960,21:56,21312,28.6
2025-05-12 22:00:00,79080,21:58,21499.8,28.7
2025-05-12 22:02:00,79200,22:00,21501.2,29.1
2025-05-12 22:04:00,79320,22:02,21442.9,28.8
2025-05-12 22:06:00,79440,22:04,21200.4,29
2025-05-12 22:08:00,79560,22:06,21269.7,29
2025-05-12 22:10:00,79680,22:08,21402.2,28.8
2025-05-12 22:12:00,79800,22:10,21604.8,29.5
2025-05-12 22:14:00,79920,22:12,21235,29.4
2025-05-12 22:16:00,80040,22:14,21131.5,28.9
2025-05-12 22:18:00,80160,22:16,21168.7,29.7
2025-05-12 22:20:00,80280,22:18,21443.5,29.2
2025-05-12 22:22:00,80400,22:20,21386,29.4
2025-05-12 22:24:00,80520,22:22,21225.6,29.5
2025-05-12 22:26:00,80640,22:24,21554.8,29.2
2025-05-12 22:28:00,80760,22:26,21273.3,29.3
2025-05-12 22:30:00,80880,22:28,21657.8,29.4
2025-05-12 22:32:00,81000,22:30,21367,29.4
2025-05-12 22:34:00,81120,22:32,21522,29.4
2025-05-12 22:36:00,81240,22:34,21527.8,29.6
2025-05-12 22:38:00,81360,22:36,21536.5,29.6
2025-05-12 22:40:00,81480,22:38,21781.2,29.5
2025-05-12 22:42:00,81600,22:40,21953.9,29.6
2025-05-12 22:44:00,81720,22:42,21895.9,30
2025-05-12 22:46:00,81840,22:44,22071,30.1
2025-05-12 22:48:00,81960,22:46,21760,30.2
2025-05-12 22:50:00,82080,22:48,22062.6,29.9
2025-05-12 22:52:00,82200,22:50,22066.3,29.7
2025-05-12 22:54:00,82320,22:52,21773.4,29.8
2025-05-12 22:56:00,82440,22:54,22004.1,30.6
2025-05-12 22:58:00,82560,22:56,21944.7,30.5
2025-05-12 23:00:00,82680,22:58,21805,30.5
2025-05-12 23:02:00,82800,23:00,22183.6,29.9
2025-05-12 23:04:00,82920,23:02,22332.5,30.3
2025-05-12 23:06:00,83040,23:04,21853.4,30.2
2025-05-12 23:08:00,83160,23:06,22392.2,30.3
2025-05-12 23:10:00,83280,23:08,22035.2,30.7
2025-05-12 23:12:00,83400,23:10,22102.2,30.4
2025-05-12 23:14:00,83520,23:12,22024.4,30.2
2025-05-12 23:16:00,83640,23:14,22368.3,30.8
2025-05-12 23:18:00,83760,23:16,22294.7,30.8
2025-05-12 23:20:00,83880,23:18,22003.9,30.4
2025-05-12 23:22:00,84000,23:20,22525.3,30.9
2025-05-12 23:24:00,84120,23:22,22158.8,31
2025-05-12 23:26:00,84240,23:24,22257.2,30.9
2025-05-12 23:28:00,84360,23:26,22651.8,31
2025-05-12 23:30:00,84480,23:28,22279.8,30.7
2025-05-12 23:32:00,84600,23:30,22458.6,30.9
2025-05-12 23:34:00,84720,23:32,22247.3,31.2
2025-05-12 23:36:00,84840,23:34,22711.6,30.7
2025-05-12 23:38:00,84960,23:36,22462.3,31
2025-05-12 23:40:00,85080,23:38,22396,31.1
2025-05-12 23:42:00,85200,23:40,22647.5,31.3
2025-05-12 23:44:00,85320,23:42,22645.1,30.8
2025-05-12 23:46:00,85440,23:44,22432.9,31.1
2025-05-12 23:48:00,85560,23:46,22483,31.2
2025-05-12 23:50:00,85680,23:48,22776.1,31.4
2025-05-12 23:52:00,85800,23:50,22661.6,31.1
2025-05-12 23:54:00,85920,23:52,22800.6,31.5
2025-05-12 23:56:00,86040,23:54,22701.5,31.4
2025-05-12 23:58:00,86160,23:56,22841.7,31.1
2025-05-13 0:00:00,86280,23:58,23015.5,31.5
2025-05-13 0:02:00,0,0:00,22804.5,31.4
2025-05-13 0:04:00,120,0:02,22787.6,31.8
2025-05-13 0:06:00,240,0:04,22915.4,31.7
2025-05-13 0:08:00,360,0:06,23041,31.8
2025-05-13 0:10:00,480,0:08,22990,31.6
2025-05-13 0:12:00,600,0:10,22991.2,31.6
2025-05-13 0:14:00,720,0:12,23029.3,31.3
2025-05-13 0:16:00,840,0:14,23061.3,31.7
2025-05-13 0:18:00,960,0:16,23092.3,31.9
2025-05-13 0:20:00,1080,0:18,23068.4,31.9
2025-05-13 0:22:00,1200,0:20,23514.6,31.4
2025-05-13 0:24:00,1320,0:22,23407.7,31.5
2025-05-13 0:26:00,1440,0:24,23241.7,31.4
2025-05-13 0:28:00,1560,0:26,23185,31.5
2025-05-13 0:30:00,1680,0:28,23612.5,31.7
2025-05-13 0:32:00,1800,0:30,23667.7,31.5
2025-05-13 0:34:00,1920,0:32,23717.8,31.7
2025-05-13 0:36:00,2040,0:34,23517.2,32.1
2025-05-13 0:38:00,2160,0:36,23564.2,32.2
2025-05-13 0:40:00,2280,0:38,23890.9,32.3
2025-05-13 0:42:00,2400,0:40,23961.9,31.7
2025-05-13 0:44:00,2520,0:42,23523.2,32.3
2025-05-13 0:46:00,2640,0:44,23984.3,31.7
2025-05-13 0:48:00,2760,0:46,23819.7,32.4
2025-05-13 0:50:00,2880,0:48,23838.7,31.8
2025-05-13 0:52:00,3000,0:50,24119.9,32
2025-05-13 0:54:00,3120,0:52,23995.3,32.2
2025-05-13 0:56:00,3240,0:54,23751.9,31.8
2025-05-13 0:58:00,3360,0:56,23743.2,32.1
2025-05-13 1:00:00,3480,0:58,24258.6,32
2025-05-13 1:02:00,3600,1:00,24001.9,32
2025-05-13 1:04:00,3720,1:02,24275.5,32.6
2025-05-13 1:06:00,3840,1:04,24087.4,32.5
2025-05-13 1:08:00,3960,1:06,24180.8,32.4
2025-05-13 1:10:00,4080,1:08,24035.7,32.5
2025-05-13 1:12:00,4200,1:10,24560.4,32
2025-05-13 1:14:00,4320,1:12,24121.6,32.3
2025-05-13 1:16:00,4440,1:14,24121.2,32.1
2025-05-13 1:18:00,4560,1:16,24572.2,32.1
2025-05-13 1:20:00,4680,1:18,24297.6,32.9
2025-05-13 1:22:00,4800,1:20,24694.8,32.3
2025-05-13 1:24:00,4920,1:22,24562.1,32.2
2025-05-13 1:26:00,5040,1:24,24289,32.2
2025-05-13 1:28:00,5160,1:26,24500,32.4
2025-05-13 1:30:00,5280,1:28,24397,32.9
2025-05-13 1:32:00,5400,1:30,24725.4,32.5
2025-05-13 1:34:00,5520,1:32,24437.7,32.3
2025-05-13 1:36:00,5640,1:34,24867.2,32.7
2025-05-13 1:38:00,5760,1:36,24632.9,32.8
2025-05-13 1:40:00,5880,1:38,25022.2,32.8
2025-05-13 1:42:00,6000,1:40,24546.4,32.7
2025-05-13 1:44:00,6120,1:42,24649,32.9
2025-05-13 1:46:00,6240,1:44,25033.6,32.5
2025-05-13 1:48:00,6360,1:46,25147.1,32.7
2025-05-13 1:50:00,6480,1:48,25184.2,32.7
2025-05-13 1:52:00,6600,1:50,25050.2,33
2025-05-13 1:54:00,6720,1:52,25303.4,32.8
2025-05-13 1:56:00,6840,1:54,25124,33.1
2025-05-13 1:58:00,6960,1:56,25260.7,32.7
2025-05-13 2:00:00,7080,1:58,24892.6,33.1
2025-05-13 2:02:00,7200,2:00,25477.3,32.5
2025-05-13 2:04:00,7320,2:02,25517.8,32.9
2025-05-13 2:06:00,7440,2:04,25038.6,33.2
2025-05-13 2:08:00,7560,2:06,25423.2,33
2025-05-13 2:10:00,7680,2:08,25429,33
2025-05-13 2:12:00,7800,2:10,25441.3,32.9
2025-05-13 2:14:00,7920,2:12,25247.7,32.8
2025-05-13 2:16:00,8040,2:14,25299.2,33
2025-05-13 2:18:00,8160,2:16,25310.6,33
2025-05-13 2:20:00,8280,2:18,25421.9,32.8
2025-05-13 2:22:00,8400,2:20,25315.2,32.8
2025-05-13 2:24:00,8520,2:22,25424.9,33.2
2025-05-13 2:26:00,8640,2:24,25978.1,33.3
2025-05-13 2:28:00,8760,2:26,25756.9,32.8
2025-05-13 2:30:00,8880,2:28,25647.8,33.2
2025-05-13 2:32:00,9000,2:30,25928.4,33.3
2025-05-13 2:34:00,9120,2:32,26072.2,33
2025-05-13 2:36:00,9240,2:34,25916.5,32.7
2025-05-13 2:38:00,9360,2:36,25865.3,33.2
2025-05-13 2:40:00,9480,2:38,25692.8,32.9
2025-05-13 2:42:00,9600,2:40,25733.7,32.6
2025-05-13 2:44:00,9720,2:42,25811.6,32.6
2025-05-13 2:46:00,9840,2:44,26281.3,32.7
2025-05-13 2:48:00,9960,2:46,26176.9,32.7
2025-05-13 2:50:00,10080,2:48,26133.1,33
2025-05-13 2:52:00,10200,2:50,26387,32.7
2025-05-13 2:54:00,10320,2:52,26061.7,32.8
2025-05-13 2:56:00,10440,2:54,26327.3,33
2025-05-13 2:58:00,10560,2:56,25987.5,33.3
2025-05-13 3:00:00,10680,2:58,26260.8,32.7
2025-05-13 3:02:00,10800,3:00,26069,33.2
2025-05-13 3:04:00,10920,3:02,26679.8,32.6
2025-05-13 3:06:00,11040,3:04,26378.4,32.7
2025-05-13 3:08:00,11160,3:06,26577.9,32.6
2025-05-13 3:10:00,11280,3:08,26720.4,33
2025-05-13 3:12:00,11400,3:10,26828,33
2025-05-13 3:14:00,11520,3:12,26548.8,32.9
2025-05-13 3:16:00,11640,3:14,26708.9,33
2025-05-13 3:18:00,11760,3:16,26615.6,33.1
2025-05-13 3:20:00,11880,3:18,26876.5,32.7
2025-05-13 3:22:00,12000,3:20,26488.1,33.1
2025-05-13 3:24:00,12120,3:22,26910.1,32.6
2025-05-13 3:26:00,12240,3:24,26714.4,32.8
2025-05-13 3:28:00,12360,3:26,27083.8,33.2
2025-05-13 3:30:00,12480,3:28,26811,33
2025-05-13 3:32:00,12600,3:30,26709.7,32.7
2025-05-13 3:34:00,12720,3:32,27045.7,33
2025-05-13 3:36:00,12840,3:34,26939.6,32.6
2025-05-13 3:38:00,12960,3:36,26934.9,32.7
2025-05-13 3:40:00,13080,3:38,26881.3,33
2025-05-13 3:42:00,13200,3:40,26972.4,32.9
2025-05-13 3:44:00,13320,3:42,27185.6,33.1
2025-05-13 3:46:00,13440,3:44,27302.9,32.6
2025-05-13 3:48:00,13560,3:46,26893.6,32.8
2025-05-13 3:50:00,13680,3:48,27326.6,32.8
2025-05-13 3:52:00,13800,3:50,27234.7,32.6
2025-05-13 3:54:00,13920,3:52,27398.4,32.9
2025-05-13 3:56:00,14040,3:54,27031.9,32.7
2025-05-13 3:58:00,14160,3:56,27550.7,32.8
2025-05-13 4:00:00,14280,3:58,27636.6,32.9
2025-05-13 4:02:00,14400,4:00,27363.5,33.1
2025-05-13 4:04:00,14520,4:02,27497.8,33
2025-05-13 4:06:00,14640,4:04,27666.7,33.1
2025-05-13 4:08:00,14760,4:06,27424.5,33.1
2025-05-13 4:10:00,14880,4:08,27272.4,32.4
2025-05-13 4:12:00,15000,4:10,27830.3,32.8
2025-05-13 4:14:00,15120,4:12,27725.1,33
2025-05-13 4:16:00,15240,4:14,27809.8,32.8
2025-05-13 4:18:00,15360,4:16,27814.4,32.5
2025-05-13 4:20:00,15480,4:18,27415.6,32.7
2025-05-13 4:22:00,15600,4:20,27674.7,32.6
2025-05-13 4:24:00,15720,4:22,27495.2,32.7
2025-05-13 4:26:00,15840,4:24,27767,32.5
2025-05-13 4:28:00,15960,4:26,27976,32.8
2025-05-13 4:30:00,16080,4:28,27712.9,32.7
2025-05-13 4:32:00,16200,4:30,27698.1,32.4
2025-05-13 4:34:00,16320,4:32,27886.5,32.7
2025-05-13 4:36:00,16440,4:34,27646.1,32.2
2025-05-13 4:38:00,16560,4:36,27800,32.7
2025-05-13 4:40:00,16680,4:38,27919.3,32.4
2025-05-13 4:42:00,16800,4:40,28104.7,32.3
2025-05-13 4:44:00,16920,4:42,27819.4,32.7
2025-05-13 4:46:00,17040,4:44,27782.1,32.8
2025-05-13 4:48:00,17160,4:46,27821.2,32.3
2025-05-13 4:50:00,17280,4:48,28243.6,32.5
2025-05-13 4:52:00,17400,4:50,28358.2,32.1
2025-05-13 4:54:00,17520,4:52,28028.1,32.6
2025-05-13 4:56:00,17640,4:54,28118.3,32.6
2025-05-13 4:58:00,17760,4:56,28403.9,32.3
2025-05-13 5:00:00,17880,4:58,28387.2,31.9
2025-05-13 5:02:00,18000,5:00,28466.6,31.9
2025-05-13 5:04:00,18120,5:02,28248,32.3
2025-05-13 5:06:00,18240,5:04,28564.4,31.9
2025-05-13 5:08:00,18360,5:06,28229.2,32.2
2025-05-13 5:10:00,18480,5:08,28100.9,31.8
2025-05-13 5:12:00,18600,5:10,28375.1,31.9
2025-05-13 5:14:00,18720,5:12,28509.1,32.4
2025-05-13 5:16:00,18840,5:14,28575.8,32.4
2025-05-13 5:18:00,18960,5:16,28159.3,31.9
2025-05-13 5:20:00,19080,5:18,28550.9,31.7
2025-05-13 5:22:00,19200,5:20,28309.5,32.3
2025-05-13 5:24:00,19320,5:22,28581.3,31.7
2025-05-13 5:26:00,19440,5:24,28673.9,31.8
2025-05-13 5:28:00,19560,5:26,28776.8,31.8
2025-05-13 5:30:00,19680,5:28,28335.3,32.3
2025-05-13 5:32:00,19800,5:30,28535.5,31.6
2025-05-13 5:34:00,19920,5:32,28468.6,32.1
2025-05-13 5:36:00,20040,5:34,28753.7,31.7
2025-05-13 5:38:00,20160,5:36,28868.3,31.5
2025-05-13 5:40:00,20280,5:38,28694.6,31.6
2025-05-13 5:42:00,20400,5:40,28673.1,31.8
2025-05-13 5:44:00,20520,5:42,28469.7,31.4
2025-05-13 5:46:00,20640,5:44,28906.9,31.8
2025-05-13 5:48:00,20760,5:46,28597.1,31.2
2025-05-13 5:50:00,20880,5:48,28662.6,31.6
2025-05-13 5:52:00,21000,5:50,28500.1,31.2
2025-05-13 5:54:00,21120,5:52,28713.4,31.2
2025-05-13 5:56:00,21240,5:54,28645.5,31.2
2025-05-13 5:58:00,21360,5:56,29098.3,31.4
2025-05-13 6:00:00,21480,5:58,28987.2,31
2025-05-13 6:02:00,21600,6:00,28727,31.3
2025-05-13 6:04:00,21720,6:02,29129.1,31.4
2025-05-13 6:06:00,21840,6:04,29078.2,30.9
2025-05-13 6:08:00,21960,6:06,28947.1,31.1
2025-05-13 6:10:00,22080,6:08,29120,30.9
2025-05-13 6:12:00,22200,6:10,28786.2,30.9
2025-05-13 6:14:00,22320,6:12,28927.4,31
2025-05-13 6:16:00,22440,6:14,29210.8,30.8
2025-05-13 6:18:00,22560,6:16,28929.2,30.9
2025-05-13 6:20:00,22680,6:18,29013.8,30.7
2025-05-13 6:22:00,22800,6:20,28866.7,30.7
2025-05-13 6:24:00,22920,6:22,29196.6,31.1
2025-05-13 6:26:00,23040,6:24,29309.9,30.9
2025-05-13 6:28:00,23160,6:26,29125.8,31
2025-05-13 6:30:00,23280,6:28,29175.4,30.6
2025-05-13 6:32:00,23400,6:30,28863,30.7
2025-05-13 6:34:00,23520,6:32,29160.9,30.8
2025-05-13 6:36:00,23640,6:34,28945.2,30.5
2025-05-13 6:38:00,23760,6:36,28988.7,30.3
2025-05-13 6:40:00,23880,6:38,28847.6,31
2025-05-13 6:42:00,24000,6:40,29339.2,30.3
2025-05-13 6:44:00,24120,6:42,29276.6,30.8
2025-05-13 6:46:00,24240,6:44,29404,30.4
2025-05-13 6:48:00,24360,6:46,29116.1,30.6
2025-05-13 6:50:00,24480,6:48,29028.6,30.3
2025-05-13 6:52:00,24600,6:50,28951.6,30.6
2025-05-13 6:54:00,24720,6:52,29068.8,30.5
2025-05-13 6:56:00,24840,6:54,29458.6,30.6
2025-05-13 6:58:00,24960,6:56,29432,30.1
2025-05-13 7:00:00,25080,6:58,29517.5,30.3
2025-05-13 7:02:00,25200,7:00,29059.3,30.1
2025-05-13 7:04:00,25320,7:02,29163.1,29.8
2025-05-13 7:06:00,25440,7:04,29269.8,30.2
2025-05-13 7:08:00,25560,7:06,29205.7,30.4
2025-05-13 7:10:00,25680,7:08,29130.2,30.4
2025-05-13 7:12:00,25800,7:10,29417.4,29.7
2025-05-13 7:14:00,25920,7:12,29162.4,30.2
2025-05-13 7:16:00,26040,7:14,29071.1,30
2025-05-13 7:18:00,26160,7:16,29131,30.2
2025-05-13 7:20:00,26280,7:18,29555.7,29.6
2025-05-13 7:22:00,26400,7:20,29429.9,29.4
2025-05-13 7:24:00,26520,7:22,29129.7,29.5
2025-05-13 7:26:00,26640,7:24,29017.9,29.9
2025-05-13 7:28:00,26760,7:26,29020.3,29.8
2025-05-13 7:30:00,26880,7:28,29514.7,29.3
2025-05-13 7:32:00,27000,7:30,29205.8,29.9
2025-05-13 7:34:00,27120,7:32,29384,29.6
2025-05-13 7:36:00,27240,7:34,29497.8,29.6
2025-05-13 7:38:00,27360,7:36,29556,29.5
2025-05-13 7:40:00,27480,7:38,29226.5,29
2025-05-13 7:42:00,27600,7:40,29090.8,29.5
2025-05-13 7:44:00,27720,7:42,29333.7,29.3
2025-05-13 7:46:00,27840,7:44,29354,29.3
2025-05-13 7:48:00,27960,7:46,29444.1,29
2025-05-13 7:50:00,28080,7:48,29379.2,28.8
2025-05-13 7:52:00,28200,7:50,29288.3,29
2025-05-13 7:54:00,28320,7:52,29555.7,29.2
2025-05-13 7:56:00,28440,7:54,29001.3,29.3
2025-05-13 7:58:00,28560,7:56,29208.4,28.8
2025-05-13 8:00:00,28680,7:58,29244.2,28.6
2025-05-13 8:02:00,28800,8:00,29341.9,28.7
2025-05-13 8:04:00,28920,8:02,29469.7,29.1
2025-05-13 8:06:00,29040,8:04,29533,28.7
2025-05-13 8:08:00,29160,8:06,29468.3,29.1
2025-05-13 8:10:00,29280,8:08,29359.1,28.6
2025-05-13 8:12:00,29400,8:10,29341.3,28.8
2025-05-13 8:14:00,29520,8:12,29432.1,28.8
2025-05-13 8:16:00,29640,8:14,28973.7,28.9
2025-05-13 8:18:00,29760,8:16,29484.5,28.9
2025-05-13 8:20:00,29880,8:18,29400.5,28.2
2025-05-13 8:22:00,30000,8:20,29437.9,28.3
2025-05-13 8:24:00,30120,8:22,29015.5,28.5
2025-05-13 8:26:00,30240,8:24,29484.2,28
2025-05-13 8:28:00,30360,8:26,29485.4,28.4
2025-05-13 8:30:00,30480,8:28,29188,28
2025-05-13 8:32:00,30600,8:30,29437.7,28.1
2025-05-13 8:34:00,30720,8:32,29365.6,28
2025-05-13 8:36:00,30840,8:34,29035.8,27.8
2025-05-13 8:38:00,30960,8:36,29206,28
2025-05-13 8:40:00,31080,8:38,29289.2,27.9
2025-05-13 8:42:00,31200,8:40,28880,27.8
2025-05-13 8:44:00,31320,8:42,29080.5,27.6
2025-05-13 8:46:00,31440,8:44,29090.8,27.9
2025-05-13 8:48:00,31560,8:46,29341.8,27.6
2025-05-13 8:50:00,31680,8:48,28954.1,27.9
2025-05-13 8:52:00,31800,8:50,29272.5,27.4
2025-05-13 8:54:00,31920,8:52,29243,27.6
2025-05-13 8:56:00,32040,8:54,29111.4,27.9
2025-05-13 8:58:00,32160,8:56,28869,27.2
2025-05-13 9:00:00,32280,8:58,28962.3,27.3
2025-05-13 9:02:00,32400,9:00,28888.1,27.3
2025-05-13 9:04:00,32520,9:02,28870.7,27.2
2025-05-13 9:06:00,32640,9:04,28971,27.5
2025-05-13 9:08:00,32760,9:06,29190.1,27.1
2025-05-13 9:10:00,32880,9:08,29128.7,27.1
2025-05-13 9:12:00,33000,9:10,29059.9,26.9
2025-05-13 9:14:00,33120,9:12,28706.4,27.2
2025-05-13 9:16:00,33240,9:14,29255.4,27.3
2025-05-13 9:18:00,33360,9:16,28905.3,26.8
2025-05-13 9:20:00,33480,9:18,29028.7,27.2
2025-05-13 9:22:00,33600,9:20,29087.9,26.7
2025-05-13 9:24:00,33720,9:22,29048.6,26.6
2025-05-13 9:26:00,33840,9:24,28747.7,27
2025-05-13 9:28:00,33960,9:26,29031,26.6
2025-05-13 9:30:00,34080,9:28,28876.9,26.9
2025-05-13 9:32:00,34200,9:30,29073.4,26.6
2025-05-13 9:34:00,34320,9:32,28608,26.4
2025-05-13 9:36:00,34440,9:34,28599.3,26.6
2025-05-13 9:38:00,34560,9:36,28745.5,26.6
2025-05-13 9:40:00,34680,9:38,28852.4,26.2
2025-05-13 9:42:00,34800,9:40,28826.8,26.1
2025-05-13 9:44:00,34920,9:42,28659.6,26.8
2025-05-13 9:46:00,35040,9:44,28903.9,26
2025-05-13 9:48:00,35160,9:46,28394.2,26.4
2025-05-13 9:50:00,35280,9:48,28684.3,26.4
2025-05-13 9:52:00,35400,9:50,28938.7,26.5
2025-05-13 9:54:00,35520,9:52,28671.1,26.4
2025-05-13 9:56:00,35640,9:54,28602.5,26.5
2025-05-13 9:58:00,35760,9:56,28559.7,26.5
2025-05-13 10:00:00,35880,9:58,28561,26.1
2025-05-13 10:02:00,36000,10:00,28267.2,26
2025-05-13 10:04:00,36120,10:02,28439.4,26
2025-05-13 10:06:00,36240,10:04,28747.2,26.2
2025-05-13 10:08:00,36360,10:06,28551,26
2025-05-13 10:10:00,36480,10:08,28629.1,26
2025-05-13 10:12:00,36600,10:10,28588.5,25.9
2025-05-13 10:14:00,36720,10:12,28174.4,25.7
2025-05-13 10:16:00,36840,10:14,28411.3,25.9
2025-05-13 10:18:00,36960,10:16,28111.9,25.4
2025-05-13 10:20:00,37080,10:18,28548,25.7
2025-05-13 10:22:00,37200,10:20,28259.6,25.7
2025-05-13 10:24:00,37320,10:22,28096.1,25.7
2025-05-13 10:26:00,37440,10:24,28156.3,25.2
2025-05-13 10:28:00,37560,10:26,28182.5,25.4
2025-05-13 10:30:00,37680,10:28,28156.3,25.5
2025-05-13 10:32:00,37800,10:30,28469.7,25.7
2025-05-13 10:34:00,37920,10:32,28446,25.3
2025-05-13 10:36:00,38040,10:34,28126.5,25.3
2025-05-13 10:38:00,38160,10:36,28210.1,25.5
2025-05-13 10:40:00,38280,10:38,28067,24.9
2025-05-13 10:42:00,38400,10:40,28014.3,25.4
2025-05-13 10:44:00,38520,10:42,27941.7,25.4
2025-05-13 10:46:00,38640,10:44,27926.7,25.2
2025-05-13 10:48:00,38760,10:46,27954,25.3
2025-05-13 10:50:00,38880,10:48,28056.8,25.2
2025-05-13 10:52:00,39000,10:50,28160.5,24.8
2025-05-13 10:54:00,39120,10:52,27902.1,25.2
2025-05-13 10:56:00,39240,10:54,28051.5,24.9
2025-05-13 10:58:00,39360,10:56,27724.1,25.1
2025-05-13 11:00:00,39480,10:58,27562.6,24.8
2025-05-13 11:02:00,39600,11:00,27678.3,24.8
2025-05-13 11:04:00,39720,11:02,27461.1,24.3
2025-05-13 11:06:00,39840,11:04,27577.3,24.7
2025-05-13 11:08:00,39960,11:06,27578.3,24.7
2025-05-13 11:10:00,40080,11:08,27567,24.7
2025-05-13 11:12:00,40200,11:10,27898.8,24.7
2025-05-13 11:14:00,40320,11:12,27453.6,24.3
2025-05-13 11:16:00,40440,11:14,27702.9,24.5
2025-05-13 11:18:00,40560,11:16,27422.9,24.3
2025-05-13 11:20:00,40680,11:18,27777.4,24.7
2025-05-13 11:22:00,40800,11:20,27511,24.2
2025-05-13 11:24:00,40920,11:22,27194.3,24.4
2025-05-13 11:26:00,41040,11:24,27532.1,24.2
2025-05-13 11:28:00,41160,11:26,27346.2,24.1
2025-05-13 11:30:00,41280,11:28,27628.7,24.3
2025-05-13 11:32:00,41400,11:30,27031.3,24.3
2025-05-13 11:34:00,41520,11:32,27386.8,23.7
2025-05-13 11:36:00,41640,11:34,27330.2,24
2025-05-13 11:38:00,41760,11:36,27015.8,24.4
2025-05-13 11:40:00,41880,11:38,27290.4,23.9
2025-05-13 11:42:00,42000,11:40,27024.1,23.9
2025-05-13 11:44:00,42120,11:42,27255,24
2025-05-13 11:46:00,42240,11:44,27191.3,24.2
2025-05-13 11:48:00,42360,11:46,27021.3,23.7
2025-05-13 11:50:00,42480,11:48,27069.6,23.9
2025-05-13 11:52:00,42600,11:50,26948.2,24
2025-05-13 11:54:00,42720,11:52,27040.3,23.4
2025-05-13 11:56:00,42840,11:54,26665,23.4
2025-05-13 11:58:00,42960,11:56,26798.3,23.5
2025-05-13 12:00:00,43080,11:58,26698.2,23.8
2025-05-13 12:02:00,43200,12:00,26813.8,23.8
2025-05-13 12:04:00,43320,12:02,26549.8,23.3
2025-05-13 12:06:00,43440,12:04,26878.7,23.5
2025-05-13 12:08:00,43560,12:06,26572.4,23.4
2025-05-13 12:10:00,43680,12:08,26414.5,23.6
2025-05-13 12:12:00,43800,12:10,26411.2,23.4
2025-05-13 12:14:00,43920,12:12,26547.3,23.2
2025-05-13 12:16:00,44040,12:14,26335.6,23.3
2025-05-13 12:18:00,44160,12:16,26725.9,23.5
2025-05-13 12:20:00,44280,12:18,26635.8,23.2
2025-05-13 12:22:00,44400,12:20,26689.9,23.2
2025-05-13 12:24:00,44520,12:22,26488.1,23
2025-05-13 12:26:00,44640,12:24,26379.4,23.4
2025-05-13 12:28:00,44760,12:26,26651.9,23.3
2025-05-13 12:30:00,44880,12:28,26149.1,23.5
2025-05-13 12:32:00,45000,12:30,26525.2,23.2
2025-05-13 12:34:00,45120,12:32,26120.7,23.2
2025-05-13 12:36:00,45240,12:34,25990.6,23.2
2025-05-13 12:38:00,45360,12:36,26188.1,22.9
2025-05-13 12:40:00,45480,12:38,26026,23.2
2025-05-13 12:42:00,45600,12:40,26290.5,22.7
2025-05-13 12:44:00,45720,12:42,26057.7,22.7
2025-05-13 12:46:00,45840,12:44,26192.5,23.2
2025-05-13 12:48:00,45960,12:46,25929.9,22.7
2025-05-13 12:50:00,46080,12:48,25948.6,23.1
2025-05-13 12:52:00,46200,12:50,26190.2,22.8
2025-05-13 12:54:00,46320,12:52,25771.6,22.9
2025-05-13 12:56:00,46440,12:54,25700.9,23
2025-05-13 12:58:00,46560,12:56,25610.4,22.5
2025-05-13 13:00:00,46680,12:58,26031.8,22.9
2025-05-13 13:02:00,46800,13:00,25772.5,22.8
2025-05-13 13:04:00,46920,13:02,25943.8,22.5
2025-05-13 13:06:00,47040,13:04,25904.4,23
2025-05-13 13:08:00,47160,13:06,25495.5,22.3
2025-05-13 13:10:00,47280,13:08,25743.8,22.4
2025-05-13 13:12:00,47400,13:10,25476.8,22.5
2025-05-13 13:14:00,47520,13:12,25307.9,23
2025-05-13 13:16:00,47640,13:14,25420.8,22.9
2025-05-13 13:18:00,47760,13:16,25243.5,22.8
2025-05-13 13:20:00,47880,13:18,25579.5,22.8
2025-05-13 13:22:00,48000,13:20,25557.4,22.1
2025-05-13 13:24:00,48120,13:22,25586.9,22.8
2025-05-13 13:26:00,48240,13:24,25158.4,22.3
2025-05-13 13:28:00,48360,13:26,25205.2,22.4
2025-05-13 13:30:00,48480,13:28,25164.4,22.6
2025-05-13 13:32:00,48600,13:30,25202.8,22.7
2025-05-13 13:34:00,48720,13:32,25033.6,22.3
2025-05-13 13:36:00,48840,13:34,24808.9,22.5
2025-05-13 13:38:00,48960,13:36,25032.7,22.1
2025-05-13 13:40:00,49080,13:38,24956.1,22.3
2025-05-13 13:42:00,49200,13:40,25092.5,22.4
2025-05-13 13:44:00,49320,13:42,24708.5,22.1
2025-05-13 13:46:00,49440,13:44,25121,22.6
2025-05-13 13:48:00,49560,13:46,24830.9,22.3
2025-05-13 13:50:00,49680,13:48,24820,22.5
2025-05-13 13:52:00,49800,13:50,24636.3,22.5
2025-05-13 13:54:00,49920,13:52,24445.4,21.9
2025-05-13 13:56:00,50040,13:54,24933.2,21.8
2025-05-13 13:58:00,50160,13:56,24801.5,22.3
2025-05-13 14:00:00,50280,13:58,24344.9,21.8
2025-05-13 14:02:00,50400,14:00,24280.8,22.1
2025-05-13 14:04:00,50520,14:02,24448.4,21.8
2025-05-13 14:06:00,50640,14:04,24795.1,21.8
2025-05-13 14:08:00,50760,14:06,24601,22
2025-05-13 14:10:00,50880,14:08,24263.9,22.2
2025-05-13 14:12:00,51000,14:10,24262.4,21.8
2025-05-13 14:14:00,51120,14:12,24510.2,22.1
2025-05-13 14:16:00,51240,14:14,24274,22.3
2025-05-13 14:18:00,51360,14:16,24439.4,21.8
2025-05-13 14:20:00,51480,14:18,24080.3,21.9
2025-05-13 14:22:00,51600,14:20,23998.5,22
2025-05-13 14:24:00,51720,14:22,24053,22.5
2025-05-13 14:26:00,51840,14:24,24182.8,22
2025-05-13 14:28:00,51960,14:26,24202.8,22.3
2025-05-13 14:30:00,52080,14:28,23960.8,22.3
2025-05-13 14:32:00,52200,14:30,24290.6,21.9
2025-05-13 14:34:00,52320,14:32,24056.3,22.4
2025-05-13 14:36:00,52440,14:34,24093.2,22.2
2025-05-13 14:38:00,52560,14:36,23623.3,22
2025-05-13 14:40:00,52680,14:38,23692.7,21.7
2025-05-13 14:42:00,52800,14:40,23627.2,22
2025-05-13 14:44:00,52920,14:42,23715,22.4
2025-05-13 14:46:00,53040,14:44,23589.5,22.2
2025-05-13 14:48:00,53160,14:46,23531.7,22.3
2025-05-13 14:50:00,53280,14:48,23726.4,22
2025-05-13 14:52:00,53400,14:50,23356.7,21.7
2025-05-13 14:54:00,53520,14:52,23795.6,21.7
2025-05-13 14:56:00,53640,14:54,23783.2,22
2025-05-13 14:58:00,53760,14:56,23348.3,22.3
2025-05-13 15:00:00,53880,14:58,23536.1,22.1
2025-05-13 15:02:00,54000,15:00,23326.9,21.7
2025-05-13 15:04:00,54120,15:02,23457.6,22.2
2025-05-13 15:06:00,54240,15:04,23218.4,22
2025-05-13 15:08:00,54360,15:06,23457.7,21.6
2025-05-13 15:10:00,54480,15:08,23066.6,22.1
2025-05-13 15:12:00,54600,15:10,23293.7,22.1
2025-05-13 15:14:00,54720,15:12,23397.2,21.9
2025-05-13 15:16:00,54840,15:14,23123.3,22
2025-05-13 15:18:00,54960,15:16,23458.7,22
2025-05-13 15:20:00,55080,15:18,23377,21.7
2025-05-13 15:22:00,55200,15:20,23295.1,22.4
2025-05-13 15:24:00,55320,15:22,23302.9,22.2
2025-05-13 15:26:00,55440,15:24,23082.6,22.4
2025-05-13 15:28:00,55560,15:26,22770.8,21.7
2025-05-13 15:30:00,55680,15:28,22745.3,21.8
2025-05-13 15:32:00,55800,15:30,22854.4,21.9
2025-05-13 15:34:00,55920,15:32,23025,21.9
2025-05-13 15:36:00,56040,15:34,23143.3,22.5
2025-05-13 15:38:00,56160,15:36,22601.2,22
2025-05-13 15:40:00,56280,15:38,22734.2,21.8
2025-05-13 15:42:00,56400,15:40,23014.6,22.1
2025-05-13 15:44:00,56520,15:42,22693.4,21.8
2025-05-13 15:46:00,56640,15:44,22755.6,22.1
2025-05-13 15:48:00,56760,15:46,22761,22.2
2025-05-13 15:50:00,56880,15:48,22842.5,21.8
2025-05-13 15:52:00,57000,15:50,22672,22
2025-05-13 15:54:00,57120,15:52,22712.3,22.1
2025-05-13 15:56:00,57240,15:54,22261,22.1
2025-05-13 15:58:00,57360,15:56,22494.7,21.9
2025-05-13 16:00:00,57480,15:58,22231.1,22.2
2025-05-13 16:02:00,57600,16:00,22228.4,22.6
2025-05-13 16:04:00,57720,16:02,22515.8,22
2025-05-13 16:06:00,57840,16:04,22491.4,22.2
2025-05-13 16:08:00,57960,16:06,22088,22.2
2025-05-13 16:10:00,58080,16:08,22008.8,22.2
2025-05-13 16:12:00,58200,16:10,22030.7,22
2025-05-13 16:14:00,58320,16:12,22153.9,22.5
2025-05-13 16:16:00,58440,16:14,22127.9,22.5
2025-05-13 16:18:00,58560,16:16,22189.8,22.5
2025-05-13 16:20:00,58680,16:18,22203.7,22.3
2025-05-13 16:22:00,58800,16:20,22257.7,22.1
2025-05-13 16:24:00,58920,16:22,22279.4,22.1
2025-05-13 16:26:00,59040,16:24,22259.5,22.5
2025-05-13 16:28:00,59160,16:26,22181.3,22.1
2025-05-13 16:30:00,59280,16:28,21844.9,22.6
2025-05-13 16:32:00,59400,16:30,21977.3,22.6
2025-05-13 16:34:00,59520,16:32,21726.8,22.3
2025-05-13 16:36:00,59640,16:34,21927,22.4
2025-05-13 16:38:00,59760,16:36,21672.3,22.3
2025-05-13 16:40:00,59880,16:38,21682.6,22.8
2025-05-13 16:42:00,60000,16:40,21588.1,22.7
2025-05-13 16:44:00,60120,16:42,21505,22.8
2025-05-13 16:46:00,60240,16:44,21843.7,22.5
2025-05-13 16:48:00,60360,16:46,21636.3,22.4
2025-05-13 16:50:00,60480,16:48,21884.7,22.9
2025-05-13 16:52:00,60600,16:50,21530.4,22.4
2025-05-13 16:54:00,60720,16:52,21733.6,22.5
2025-05-13 16:56:00,60840,16:54,21386.7,22.7
2025-05-13 16:58:00,60960,16:56,21716.9,22.4
2025-05-13 17:00:00,61080,16:58,21792,22.9
2025-05-13 17:02:00,61200,17:00,21541.7,23
2025-05-13 17:04:00,61320,17:02,21644.6,22.6
2025-05-13 17:06:00,61440,17:04,21234.9,22.6
2025-05-13 17:08:00,61560,17:06,21045.5,23.1
2025-05-13 17:10:00,61680,17:08,21246.5,22.8
2025-05-13 17:12:00,61800,17:10,21212.4,23.1
2025-05-13 17:14:00,61920,17:12,21008.8,23
2025-05-13 17:16:00,62040,17:14,21028.7,23.1
2025-05-13 17:18:00,62160,17:16,21286.1,22.7
2025-05-13 17:20:00,62280,17:18,21045.5,22.7
2025-05-13 17:22:00,62400,17:20,20703.1,23.1
2025-05-13 17:24:00,62520,17:22,20560.1,23
2025-05-13 17:26:00,62640,17:24,20686.7,22.9
2025-05-13 17:28:00,62760,17:26,20433.5,23.5
2025-05-13 17:30:00,62880,17:28,20573.3,23.2
2025-05-13 17:32:00,63000,17:30,20903.4,23
2025-05-13 17:34:00,63120,17:32,20416.6,23.4
2025-05-13 17:36:00,63240,17:34,20583.2,23.3
2025-05-13 17:38:00,63360,17:36,20271.4,23.2
2025-05-13 17:40:00,63480,17:38,20615.1,23.4
2025-05-13 17:42:00,63600,17:40,20655.5,23.1
2025-05-13 17:44:00,63720,17:42,20532.2,23.3
2025-05-13 17:46:00,63840,17:44,20339.8,23.4
2025-05-13 17:48:00,63960,17:46,20324.3,23.4
2025-05-13 17:50:00,64080,17:48,20395.2,23.5
2025-05-13 17:52:00,64200,17:50,20524.5,23.5
2025-05-13 17:54:00,64320,17:52,20475.2,23.5
2025-05-13 17:56:00,64440,17:54,20526.1,23.8
2025-05-13 17:58:00,64560,17:56,20493.1,23.7
2025-05-13 18:00:00,64680,17:58,20162.2,23.4
2025-05-13 18:02:00,64800,18:00,20157,23.3
2025-05-13 18:04:00,64920,18:02,20617.6,23.7
2025-05-13 18:06:00,65040,18:04,20279.2,24
2025-05-13 18:08:00,65160,18:06,20477,23.4
2025-05-13 18:10:00,65280,18:08,20434.9,23.8
2025-05-13 18:12:00,65400,18:10,20634.7,23.6
2025-05-13 18:14:00,65520,18:12,20785.8,23.8
2025-05-13 18:16:00,65640,18:14,20219,23.7
2025-05-13 18:18:00,65760,18:16,20352.3,24.3
2025-05-13 18:20:00,65880,18:18,20607.1,23.7
2025-05-13 18:22:00,66000,18:20,20446.9,24.4
2025-05-13 18:24:00,66120,18:22,20758,23.7
2025-05-13 18:26:00,66240,18:24,20558.3,23.9
2025-05-13 18:28:00,66360,18:26,20438.6,24.3
2025-05-13 18:30:00,66480,18:28,20705.6,24.5
2025-05-13 18:32:00,66600,18:30,20432.3,23.9
2025-05-13 18:34:00,66720,18:32,20841.1,24.5
2025-05-13 18:36:00,66840,18:34,20695.5,24.1
2025-05-13 18:38:00,66960,18:36,20544.4,23.9
2025-05-13 18:40:00,67080,18:38,20963.4,24.5
2025-05-13 18:42:00,67200,18:40,20624.5,24.3
2025-05-13 18:44:00,67320,18:42,20621.7,24.4
2025-05-13 18:46:00,67440,18:44,20919.2,24.5
2025-05-13 18:48:00,67560,18:46,20593.5,24.2
2025-05-13 18:50:00,67680,18:48,20637.7,24.2
2025-05-13 18:52:00,67800,18:50,20778.6,24.3
2025-05-13 18:54:00,67920,18:52,20638,24.4
2025-05-13 18:56:00,68040,18:54,20560.7,24.9
2025-05-13 18:58:00,68160,18:56,20864.6,24.3
2025-05-13 19:00:00,68280,18:58,20536.9,24.5
2025-05-13 19:02:00,68400,19:00,20393.1,24.9
2025-05-13 19:04:00,68520,19:02,20776.1,25.1
2025-05-13 19:06:00,68640,19:04,20798.6,25.2
2025-05-13 19:08:00,68760,19:06,20739.4,25.2
2025-05-13 19:10:00,68880,19:08,20838.7,24.8
2025-05-13 19:12:00,69000,19:10,20633.7,24.9
2025-05-13 19:14:00,69120,19:12,20323.5,25.1
2025-05-13 19:16:00,69240,19:14,20539.4,24.7
2025-05-13 19:18:00,69360,19:16,20315.2,25.2
2025-05-13 19:20:00,69480,19:18,20704.1,25.2
2025-05-13 19:22:00,69600,19:20,20496.5,24.9
2025-05-13 19:24:00,69720,19:22,20691.4,25
2025-05-13 19:26:00,69840,19:24,20547.5,25.5
2025-05-13 19:28:00,69960,19:26,20538,25.5
2025-05-13 19:30:00,70080,19:28,20334,25.2
2025-05-13 19:32:00,70200,19:30,20516.8,25.3
2025-05-13 19:34:00,70320,19:32,20294.3,25.7
2025-05-13 19:36:00,70440,19:34,20291.3,25.9
2025-05-13 19:38:00,70560,19:36,20678,25.8
2025-05-13 19:40:00,70680,19:38,20609.7,25.5
2025-05-13 19:42:00,70800,19:40,20456.3,25.3
2025-05-13 19:44:00,70920,19:42,20612.1,25.6
2025-05-13 19:46:00,71040,19:44,20582.9,25.9
2025-05-13 19:48:00,71160,19:46,20374,25.7
2025-05-13 19:50:00,71280,19:48,20696.7,26
2025-05-13 19:52:00,71400,19:50,20757.3,25.7
2025-05-13 19:54:00,71520,19:52,20418.3,25.7
2025-05-13 19:56:00,71640,19:54,20325.1,25.7
2025-05-13 19:58:00,71760,19:56,20421.8,26.1
2025-05-13 20:00:00,71880,19:58,20487.5,26
2025-05-13 20:02:00,72000,20:00,20719.8,26.4
2025-05-13 20:04:00,72120,20:02,20337.1,26.2
2025-05-13 20:06:00,72240,20:04,20579.8,25.8
2025-05-13 20:08:00,72360,20:06,20344,26.2
2025-05-13 20:10:00,72480,20:08,20588,26.2
2025-05-13 20:12:00,72600,20:10,20696.2,26.5
2025-05-13 20:14:00,72720,20:12,20786.8,26.4
2025-05-13 20:16:00,72840,20:14,20787.2,26.3
2025-05-13 20:18:00,72960,20:16,20416.1,26.5
2025-05-13 20:20:00,73080,20:18,20360.8,26.4
2025-05-13 20:22:00,73200,20:20,20822.1,26.8
2025-05-13 20:24:00,73320,20:22,20451.3,26.4
2025-05-13 20:26:00,73440,20:24,20519.5,26.4
2025-05-13 20:28:00,73560,20:26,20492.4,27.1
2025-05-13 20:30:00,73680,20:28,20870.4,26.6
2025-05-13 20:32:00,73800,20:30,20610.2,26.5
2025-05-13 20:34:00,73920,20:32,20428.6,27.2
2025-05-13 20:36:00,74040,20:34,20389.3,26.7
2025-05-13 20:38:00,74160,20:36,20394.7,27
2025-05-13 20:40:00,74280,20:38,20575.4,27.2
2025-05-13 20:42:00,74400,20:40,20711.9,27.4
2025-05-13 20:44:00,74520,20:42,20499.7,27
2025-05-13 20:46:00,74640,20:44,20386.8,26.8
2025-05-13 20:48:00,74760,20:46,20382.6,27.6
2025-05-13 20:50:00,74880,20:48,20881.8,27.2
2025-05-13 20:52:00,75000,20:50,20922.9,27.5
2025-05-13 20:54:00,75120,20:52,20653.9,27.2
2025-05-13 20:56:00,75240,20:54,20984.3,27.1
2025-05-13 20:58:00,75360,20:56,20427.5,27.6
2025-05-13 21:00:00,75480,20:58,20637.9,27.8
2025-05-13 21:02:00,75600,21:00,20824.5,27.9
2025-05-13 21:04:00,75720,21:02,20563.2,27.3
2025-05-13 21:06:00,75840,21:04,20699.9,27.7
2025-05-13 21:08:00,75960,21:06,20721.2,27.3
2025-05-13 21:10:00,76080,21:08,21024.3,27.6
2025-05-13 21:12:00,76200,21:10,21020.1,27.7
2025-05-13 21:14:00,76320,21:12,20851.4,28
2025-05-13 21:16:00,76440,21:14,21097.3,28.2
2025-05-13 21:18:00,76560,21:16,21099.3,28.1
2025-05-13 21:20:00,76680,21:18,20980.1,28.1
2025-05-13 21:22:00,76800,21:20,20967.4,27.9
2025-05-13 21:24:00,76920,21:22,20745.8,27.9
2025-05-13 21:26:00,77040,21:24,21068.4,28.5
2025-05-13 21:28:00,77160,21:26,20864.7,28.3
2025-05-13 21:30:00,77280,21:28,20771.1,28.4
2025-05-13 21:32:00,77400,21:30,21190.2,28
2025-05-13 21:34:00,77520,21:32,20827.4,28.2
2025-05-13 21:36:00,77640,21:34,20795.4,28.5
2025-05-13 21:38:00,77760,21:36,21272.4,28.3
2025-05-13 21:40:00,77880,21:38,20985.1,28.6
2025-05-13 21:42:00,78000,21:40,21297.7,28.5
2025-05-13 21:44:00,78120,21:42,20875.8,28.2
2025-05-13 21:46:00,78240,21:44,21059.2,28.7
2025-05-13 21:48:00,78360,21:46,21111.6,29
2025-05-13 21:50:00,78480,21:48,21083.3,28.4
2025-05-13 21:52:00,78600,21:50,21017.7,28.7
2025-05-13 21:54:00,78720,21:52,21411.3,29
2025-05-13 21:56:00,78840,21:54,21317.3,29.2
2025-05-13 21:58:00,78960,21:56,21270.3,28.5
2025-05-13 22:00:00,79080,21:58,21282.3,28.9
2025-05-13 22:02:00,79200,22:00,21048.7,29
2025-05-13 22:04:00,79320,22:02,21100,29.3
2025-05-13 22:06:00,79440,22:04,21550.4,28.9
2025-05-13 22:08:00,79560,22:06,21523.2,29.5
2025-05-13 22:10:00,79680,22:08,21224,29.5
2025-05-13 22:12:00,79800,22:10,21208.2,29.2
2025-05-13 22:14:00,79920,22:12,21516.3,29.3
2025-05-13 22:16:00,80040,22:14,21422.4,29.2
2025-05-13 22:18:00,80160,22:16,21192.3,29.1
2025-05-13 22:20:00,80280,22:18,21540.4,29.3
2025-05-13 22:22:00,80400,22:20,21569.9,29.7
2025-05-13 22:24:00,80520,22:22,21284.6,29.5
2025-05-13 22:26:00,80640,22:24,21740.5,29.9
2025-05-13 22:28:00,80760,22:26,21450.3,29.6
2025-05-13 22:30:00,80880,22:28,21593.8,30
2025-05-13 22:32:00,81000,22:30,21707,29.9
2025-05-13 22:34:00,81120,22:32,21460.5,29.3
2025-05-13 22:36:00,81240,22:34,21593.5,29.5
2025-05-13 22:38:00,81360,22:36,21538.5,29.9
2025-05-13 22:40:00,81480,22:38,21481.2,29.6
2025-05-13 22:42:00,81600,22:40,21926.8,29.6
2025-05-13 22:44:00,81720,22:42,21567.9,30.1
2025-05-13 22:46:00,81840,22:44,21977.3,30.2
2025-05-13 22:48:00,81960,22:46,21818.4,30
2025-05-13 22:50:00,82080,22:48,21787.5,29.7
2025-05-13 22:52:00,82200,22:50,21626.1,30.2
2025-05-13 22:54:00,82320,22:52,21712.5,30.4
2025-05-13 22:56:00,82440,22:54,22168.8,30.3
2025-05-13 22:58:00,82560,22:56,22129,30.1
2025-05-13 23:00:00,82680,22:58,22060.9,30.3
2025-05-13 23:02:00,82800,23:00,21787.4,30.2
2025-05-13 23:04:00,82920,23:02,22006.8,30
2025-05-13 23:06:00,83040,23:04,22300,30.7
2025-05-13 23:08:00,83160,23:06,21846,30
2025-05-13 23:10:00,83280,23:08,21880.4,30.4
2025-05-13 23:12:00,83400,23:10,22429.6,30.7
2025-05-13 23:14:00,83520,23:12,22348.1,30.2
2025-05-13 23:16:00,83640,23:14,22518.3,30.6
2025-05-13 23:18:00,83760,23:16,22069.8,31
2025-05-13 23:20:00,83880,23:18,22179,30.8
2025-05-13 23:22:00,84000,23:20,22120.3,30.8
2025-05-13 23:24:00,84120,23:22,22487,30.6
2025-05-13 23:26:00,84240,23:24,22145.4,31
2025-05-13 23:28:00,84360,23:26,22222.3,31.2
2025-05-13 23:30:00,84480,23:28,22332.7,30.9
2025-05-13 23:32:00,84600,23:30,22693.5,31
2025-05-13 23:34:00,84720,23:32,22628.2,31.2
2025-05-13 23:36:00,84840,23:34,22829.8,30.9
2025-05-13 23:38:00,84960,23:36,22781.6,30.7
2025-05-13 23:40:00,85080,23:38,22446.2,30.7
2025-05-13 23:42:00,85200,23:40,22765.9,30.9
2025-05-13 23:44:00,85320,23:42,22661.2,31
2025-05-13 23:46:00,85440,23:44,22893.6,31.2
2025-05-13 23:48:00,85560,23:46,22879.2,31
2025-05-13 23:50:00,85680,23:48,22576.8,31.4
2025-05-13 23:52:00,85800,23:50,22780.6,31.2
2025-05-13 23:54:00,85920,23:52,22962.9,31
2025-05-13 23:56:00,86040,23:54,23019.1,31.2
2025-05-13 23:58:00,86160,23:56,22812.3,31.4
2025-05-14 23:46:21,85440,23:44,24471.6,27.1
2025-05-14 23:48:21,85560,23:46,24424.5,27.1
2025-05-14 23:50:21,85680,23:48,24475.6,27.1
2025-05-15 00:30:04,1620,00:27,23867.9,27.0
2025-05-15 01:53:43,6660,01:51,22969.0,26.9
2025-05-15 01:55:43,6840,01:54,22833.6,26.9
2025-05-15 01:57:43,6960,01:56,22867.7,26.9
2025-05-15 01:59:43,7020,01:57,22871.7,26.9
2025-05-15 02:01:43,7140,01:59,22953.1,26.9
2025-05-15 02:03:43,7260,02:01,23043.3,26.9
2025-05-15 02:05:43,7380,02:03,22907.5,26.9
2025-05-15 02:07:43,7440,02:04,22925.8,26.9
2025-05-15 02:09:43,7620,02:07,22803.5,26.9
2025-05-15 02:11:43,7740,02:09,22778.1,26.9
2025-05-15 02:13:43,7860,02:11,22765.3,26.9
2025-05-15 02:15:43,8040,02:14,22813.7,26.9
2025-05-15 02:17:43,8100,02:15,22796.1,26.9
2025-05-15 02:19:43,8220,02:17,22723.6,26.9
2025-05-15 02:21:43,8340,02:19,22748.4,26.9
2025-05-15 02:23:43,8460,02:21,22752.1,26.9
2025-05-15 02:25:43,8640,02:24,22670.6,26.8
2025-05-15 02:27:43,8760,02:26,22632.4,26.9
2025-05-15 02:29:43,8880,02:28,22609.1,26.9
2025-05-15 02:31:43,8940,02:29,22621.4,26.9
2025-05-15 02:33:43,9120,02:32,22543.6,26.9
2025-05-15 02:35:43,9240,02:34,22565.1,26.9
2025-05-15 02:37:43,9300,02:35,22650.5,26.9
2025-05-15 02:39:43,9420,02:37,22592.8,26.8
2025-05-15 02:41:43,9540,02:39,22559.8,26.9
2025-05-15 02:43:43,9660,02:41,22511.2,26.9
2025-05-15 02:45:43,9780,02:43,22444.8,26.9
2025-05-15 02:47:43,9900,02:45,22430.2,26.9
2025-05-15 02:49:43,10020,02:47,22436.8,26.9
2025-05-15 02:51:43,10140,02:49,22405.5,26.9
2025-05-15 02:53:43,10320,02:52,22274.1,26.9
2025-05-15 02:55:43,10380,02:53,22237.7,26.9
2025-05-15 02:57:43,10500,02:55,22194.1,26.9
2025-05-15 02:59:43,10620,02:57,22227.6,26.9
2025-05-15 03:01:43,10740,02:59,22407.3,26.9
2025-05-15 03:03:43,10920,03:02,22269.0,26.9
2025-05-15 03:05:43,10980,03:03,22243.9,26.9
2025-05-15 03:07:43,11100,03:05,22215.7,26.9
2025-05-15 03:09:43,11220,03:07,22266.7,26.9
2025-05-15 03:11:43,11340,03:09,22175.4,26.9
2025-05-15 03:13:43,11460,03:11,22196.3,26.9
2025-05-15 03:15:43,11580,03:13,22160.4,26.9
2025-05-15 03:17:43,11700,03:15,22116.1,26.9
2025-05-15 03:19:43,11820,03:17,22127.2,26.9
2025-05-15 03:21:43,11940,03:19,22124.6,26.9
2025-05-15 03:23:43,12120,03:22,22074.3,26.9
2025-05-15 03:25:43,12180,03:23,22076.4,26.9
2025-05-15 03:27:43,12300,03:25,22127.9,26.9
2025-05-15 03:29:43,12420,03:27,22176.3,26.9
2025-05-15 03:31:43,12540,03:29,22171.7,26.9
2025-05-15 03:33:43,12660,03:31,22126.0,26.9
2025-05-15 03:35:43,12780,03:33,22115.1,26.9
2025-05-15 03:37:43,12900,03:35,22172.7,26.9
2025-05-15 03:39:43,13020,03:37,22221.0,26.9
2025-05-15 03:41:43,13140,03:39,22106.4,26.9
2025-05-15 03:43:43,13260,03:41,22046.1,26.9
2025-05-15 03:45:43,13380,03:43,21977.6,26.9
2025-05-15 03:47:43,13500,03:45,22002.5,26.9
2025-05-15 03:49:43,13620,03:47,21977.5,26.9
2025-05-15 03:51:43,13740,03:49,21998.7,26.9
2025-05-15 03:53:43,13860,03:51,22029.6,26.9
2025-05-15 03:55:43,14040,03:54,22044.3,26.9
2025-05-15 03:57:43,14100,03:55,21990.3,26.9
2025-05-15 03:59:43,14100,03:55,21990.3,26.9
2025-05-15 04:01:43,14100,03:55,21990.3,26.9
2025-05-15 04:03:43,14100,03:55,21990.3,26.9
2025-05-15 04:05:43,14100,03:55,21990.3,26.9
2025-05-15 04:07:43,14100,03:55,21990.3,26.9
2025-05-15 04:09:43,14100,03:55,21990.3,26.9
2025-05-15 04:11:43,14100,03:55,21990.3,26.9
2025-05-15 04:13:43,14100,03:55,21990.3,26.9
2025-05-15 04:15:43,14100,03:55,21990.3,26.9
2025-05-15 04:17:43,14100,03:55,21990.3,26.9
2025-05-15 04:19:43,14100,03:55,21990.3,26.9
2025-05-15 04:21:43,14100,03:55,21990.3,26.9
2025-05-15 04:23:43,14280,03:58,21935.3,26.9
2025-05-15 04:25:43,14880,04:08,21969.2,26.9
2025-05-15 04:27:43,15360,04:16,22060.3,26.9
2025-05-15 04:29:43,15720,04:22,22009.2,26.9
2025-05-15 04:31:43,16140,04:29,22139.4,26.9
2025-05-15 04:33:43,16200,04:30,22101.9,26.9
2025-05-15 04:35:43,16320,04:32,22161.1,26.9
2025-05-15 04:37:43,16500,04:35,22111.5,26.9
2025-05-15 04:39:43,16680,04:38,21997.0,26.9
2025-05-15 04:41:43,16740,04:39,22014.6,26.8
2025-05-15 04:43:43,16860,04:41,21937.6,26.9
2025-05-15 05:07:52,18360,05:06,22309.3,26.8
2025-05-15 05:09:51,18480,05:08,22359.2,26.8
2025-05-15 05:11:51,18540,05:09,22434.2,26.9
2025-05-15 05:13:51,18720,05:12,22577.0,26.8
2025-05-15 05:15:51,18840,05:14,22649.6,26.8
2025-05-15 05:17:51,18960,05:16,22709.5,26.8
2025-05-15 05:19:51,19080,05:18,22793.1,26.8
2025-05-15 05:21:51,19200,05:20,22720.9,26.7
2025-05-15 05:23:51,19320,05:22,22814.6,26.8
2025-05-15 05:25:51,19440,05:24,22942.0,26.7
2025-05-15 05:27:51,19560,05:26,23000.1,26.7
2025-05-15 05:29:51,19680,05:28,23046.4,26.7
2025-05-15 05:31:51,19800,05:30,22951.9,26.8
2025-05-15 05:33:51,19920,05:32,23097.0,26.8
2025-05-15 05:35:31,19920,05:32,23097.0,26.8
2025-05-15 05:40:31,20280,05:38,23245.7,26.8
2025-05-15 05:45:31,20580,05:43,23199.3,26.8
2025-05-15 05:50:31,20940,05:49,23388.9,26.8
2025-05-15 05:55:31,21240,05:54,23311.1,26.8
2025-05-15 06:00:31,21480,05:58,23272.0,26.8
2025-05-15 06:05:31,21840,06:04,23211.2,26.7
2025-05-15 06:10:31,22080,06:08,23254.7,26.7
2025-05-15 06:15:31,22380,06:13,23206.7,26.6
2025-05-15 06:20:31,22680,06:18,23127.3,26.6
2025-05-15 06:25:31,22980,06:23,22982.1,26.7
2025-05-15 06:30:31,23280,06:28,23059.9,26.7
2025-05-15 06:35:31,23580,06:33,22832.6,26.7
2025-05-15 06:40:31,23880,06:38,22704.1,26.7
2025-05-15 06:45:31,24180,06:43,22470.0,26.7
2025-05-15 06:50:31,24480,06:48,22435.6,26.7
2025-05-15 06:55:31,24780,06:53,22504.4,26.8
2025-05-15 07:00:31,25080,06:58,22381.2,26.9
2025-05-15 07:05:31,25380,07:03,22296.6,26.9
2025-05-15 07:10:30,25620,07:07,22327.9,26.9
2025-05-15 07:15:30,25980,07:13,22526.3,27.0
2025-05-15 07:20:30,26280,07:18,22340.7,27.0
2025-05-15 07:25:30,26580,07:23,22282.5,27.1
2025-05-15 07:30:30,26880,07:28,22238.9,27.2
2025-05-15 07:35:30,27180,07:33,22320.0,27.3
2025-05-15 07:40:30,27480,07:38,22415.5,27.3
2025-05-15 07:45:30,27780,07:43,22478.7,27.4
2025-05-15 07:50:30,28140,07:49,22476.1,27.5
2025-05-15 07:55:30,28380,07:53,22617.6,27.5
2025-05-15 08:00:30,28680,07:58,22845.0,27.6
2025-05-15 08:05:30,28980,08:03,23182.2,27.8
2025-05-15 08:10:30,29280,08:08,23621.1,27.8
2025-05-15 08:15:30,29640,08:14,23881.1,27.9
2025-05-15 08:20:30,29880,08:18,23857.5,28.1
2025-05-15 08:25:30,30240,08:24,23898.1,28.2
2025-05-15 08:30:30,30480,08:28,24099.6,28.4
2025-05-15 08:35:30,30780,08:33,24347.4,28.8
2025-05-15 08:40:30,31080,08:38,24436.0,29.0
2025-05-15 08:45:30,31380,08:43,24384.6,29.2
2025-05-15 08:50:30,31620,08:47,24285.8,29.3
2025-05-15 08:55:30,31980,08:53,24355.6,29.3
2025-05-15 09:00:30,32280,08:58,24395.7,29.4
2025-05-15 09:05:30,32640,09:04,24250.7,29.4
2025-05-15 09:10:30,32760,09:06,24276.1,29.5
2025-05-15 09:15:30,33180,09:13,24211.9,29.8
2025-05-15 09:20:30,33420,09:17,24341.9,29.8
2025-05-15 09:25:30,33780,09:23,24427.9,29.9
2025-05-15 09:30:30,34020,09:27,24409.5,30.1
2025-05-15 09:35:30,34320,09:32,24544.1,30.1
2025-05-15 09:40:30,34680,09:38,24617.7,30.2
2025-05-15 09:45:30,35040,09:44,24810.9,30.4
2025-05-15 09:50:30,35220,09:47,24822.1,30.5
2025-05-15 09:55:30,35580,09:53,24886.2,30.5
2025-05-15 10:00:30,35820,09:57,24874.9,30.5
2025-05-15 10:05:30,36120,10:02,24758.3,30.6
2025-05-15 10:10:30,36360,10:06,24864.6,30.6
2025-05-15 10:15:30,36720,10:12,24919.7,30.5
2025-05-15 10:20:30,37140,10:19,25077.7,30.7
2025-05-15 10:25:30,37380,10:23,25145.0,30.7
2025-05-15 10:30:30,37620,10:27,25174.7,30.7
2025-05-15 10:35:30,37920,10:32,25224.3,30.8
2025-05-15 10:40:30,38280,10:38,25240.6,30.9
2025-05-15 10:45:30,38520,10:42,25219.7,31.0
2025-05-15 10:50:30,38820,10:47,25259.1,31.1
2025-05-15 10:55:30,39060,10:51,25235.4,31.1
2025-05-15 11:00:30,39420,10:57,25203.0,31.2
2025-05-15 11:05:30,39660,11:01,25134.8,31.4
2025-05-15 11:10:30,39900,11:05,25074.7,31.3
2025-05-15 11:15:30,40260,11:11,24964.5,31.3
2025-05-15 11:20:30,40620,11:17,25036.9,31.4
2025-05-15 11:25:30,40860,11:21,25059.2,31.4
2025-05-15 11:30:30,41160,11:26,24974.8,31.6
2025-05-15 11:35:30,41460,11:31,24833.2,31.7
2025-05-15 11:40:30,41880,11:38,24822.3,32.0
2025-05-15 11:45:30,42180,11:43,24791.9,31.9
2025-05-15 11:50:30,42480,11:48,24711.1,32.1
2025-05-15 11:55:30,42780,11:53,24680.8,32.5
2025-05-15 12:00:30,43020,11:57,24328.9,32.7
2025-05-15 12:05:30,43320,12:02,23964.3,32.6
2025-05-15 12:10:30,43620,12:07,23831.8,32.7
2025-05-15 12:15:30,43980,12:13,23871.9,32.8
2025-05-15 12:20:30,44340,12:19,23942.4,33.0
2025-05-15 12:25:30,44580,12:23,23882.8,33.1
2025-05-15 12:30:30,44820,12:27,23903.3,33.2
2025-05-15 12:35:30,45120,12:32,24020.6,32.8
2025-05-15 12:40:30,45480,12:38,24214.2,32.6
2025-05-15 12:45:30,45780,12:43,24291.8,32.6
2025-05-15 12:50:30,46020,12:47,24429.4,32.4
2025-05-15 12:55:30,46380,12:53,24638.4,32.3
2025-05-15 13:00:30,46680,12:58,24893.5,32.3
2025-05-15 13:52:39,49800,13:50,27117.5,32.2
2025-05-15 13:57:38,50100,13:55,27134.2,31.8
2025-05-15 14:02:38,50340,13:59,27325.2,31.8
2025-05-15 14:07:38,50700,14:05,27515.3,31.6
2025-05-15 14:12:38,50940,14:09,27602.5,31.6
2025-05-15 14:17:38,51300,14:15,27763.4,31.6
2025-05-15 14:38:08,52500,14:35,28031.8,31.4
2025-05-15 14:43:07,52740,14:39,27963.3,31.3
2025-05-15 14:48:07,53100,14:45,27994.1,31.0
2025-05-15 15:04:34,53940,14:59,27872.9,31.0
2025-05-15 15:09:33,54420,15:07,27827.2,30.9
2025-05-15 15:14:33,54780,15:13,27923.8,30.9
2025-05-15 15:19:33,55020,15:17,28064.1,31.0
2025-05-15 15:24:33,55320,15:22,28121.0,31.0
2025-05-15 15:29:33,55500,15:25,28088.5,31.0
2025-05-15 15:34:33,55980,15:33,28002.8,30.9
2025-05-15 15:39:33,56220,15:37,27989.1,31.0
2025-05-15 15:44:33,56580,15:43,28005.1,31.0
2025-05-15 15:49:33,56760,15:46,27954.1,31.0
2025-05-15 15:54:33,57000,15:50,27971.5,31.0
2025-05-15 15:59:33,57000,15:50,27971.5,31.0
2025-05-15 16:04:33,57540,15:59,27910.7,30.9
2025-05-15 16:09:34,58020,16:07,27791.4,30.9
2025-05-15 16:14:33,58320,16:12,27711.7,31.0
2025-05-15 16:19:33,58680,16:18,27728.3,30.8
2025-05-15 16:24:33,58920,16:22,27717.8,30.9
2025-05-15 16:29:33,59280,16:28,27622.4,30.8
2025-05-15 16:34:33,59520,16:32,27508.5,30.7
2025-05-15 16:39:34,59820,16:37,27359.5,30.7
2025-05-16 20:12:18,72600,20:10,28670.5,28.9
2025-05-16 23:40:31,85020,23:37,26671.2,28.4
